,Identifier,SMILES,Label
0,CHEMBL3122112,CNc1nc(Nc2cn(C(C)(C)C(=O)NCC(F)(F)F)nc2C)ncc1C(F)(F)F,0
1,CHEMBL4294894,O=C(Nc1cccc(O)c1)c1cncc2nnc(-c3ccc(O)cc3)n12,0
2,CHEMBL4281444,COc1cc([C@H]2[C@H](C(=O)O)[C@H](c3ccc(O)c(OC)c3)[C@H]2C(=O)O)ccc1O,0
3,CHEMBL1600972,COC(=O)c1ccc(NC(=O)C(=O)NCCc2csc3nc(-c4ccccc4F)nn23)cc1,0
4,CHEMBL279290,COCC(C)(O)C1CC=C(/C=N/O)CC1,0
5,CHEMBL3334768,COc1cc(O)c2c(c1O)[C@H](O)[C@@H]1C[C@](C)(O)OC[C@@H]1C2=O,0
6,CHEMBL1779180,CC(C)CCN(CCc1c[nH]c2ccccc12)Cc1ccco1,0
7,CHEMBL1818467,Cc1ccc(C)n1C[C@@]12CNCC[C@]1(c1ccc(Cl)c(Cl)c1)C2,0
8,CHEMBL3985886,O=C1CCCc2c1ccn2C(=O)c1cccnc1,0
9,CHEMBL3770483,O=C(Nc1ccc(Cl)c(Cl)c1)C(=O)Nc1ccc(Cl)c(Cl)c1,0
10,CHEMBL346586,COc1cc(CN(CCCN)Cc2ccc(O)c(OC)c2)ccc1O.O=C(O)C(F)(F)F,0
11,CHEMBL71145,CCCN(CCc1cccs1)C1CCc2ccc3[nH]ccc3c2C1,0
12,CHEMBL75593,COc1ccc(C(O)c2ccsc2-c2cc(OC)c(OC)c(OC)c2)cc1O,0
13,CHEMBL83175,COc1c(O)cc(C(=N)N)cc1Oc1nc(Oc2cccc(C(=O)N(C)C)c2)c(F)c(C)c1F,0
14,CHEMBL2063785,COc1ccc2c(c1)Sc1cc(OC)ccc1N2,0
15,CHEMBL4092672,Cc1noc(C(=O)CC[C@@H](C)[C@H]2CC[C@H]3[C@H]4[C@H](CC[C@@]32C)[C@@]2(C)CC[C@@H](O)C[C@H]2C[C@H]4O)n1,0
16,CHEMBL2430562,O=C(c1cccc(C(F)(F)F)c1)N1CCc2nc3ncccc3cc2C1,0
17,CHEMBL251608,N#Cc1cccc(Cl)c1CNC(=O)c1snnc1C1CC1,0
18,CHEMBL159823,O=C(Nc1ccc(C(=O)N2Cc3cccn3Cc3ccccc32)cc1)c1ccccc1-c1ccccc1,0
19,CHEMBL590571,COc1ccc(N2CCN(c3nccc(Nc4cc(C(C)(C)C)ccc4Cl)n3)CC2(C)C)cc1,0
20,CHEMBL3819110,O=C(N[C@H](C(=O)O)C1CCCCC1)c1cc(-c2c(O)cccc2O)n(-c2ccc(F)cc2)n1,0
21,CHEMBL3558002,Cn1cc(CN2C[C@@H]3COC[C@]3(CNC(=O)c3ccccc3)C2)cn1,0
22,CHEMBL21321,O=C(OC1CN2CCC1CC2)C1=C/C(=C\c2cccnc2)c2ccccc21,0
23,CHEMBL3950214,CC(=O)Nc1ccc(Cl)c(Nc2nccc(Nc3cc(C4CC4)[nH]n3)n2)c1,0
24,CHEMBL1642606,O=C(NC1C2CC3CC(C2)CC1C3)C1SCCN1C(=O)c1ccccc1,0
25,CHEMBL1409303,CC(=O)C1=C(C)NC(=O)NC1c1ccccc1OCC(=O)NCCc1ccccc1,0
26,CHEMBL1323513,Cc1cnc2c(c1SCC(=O)NCc1ccc(F)cc1)c(=O)n(C)c(=O)n2C,0
27,CHEMBL4278392,COc1ccc(S(=O)(=O)NCc2ccc(C(=O)O)cc2)c2ccccc12,0
28,CHEMBL4090802,CCCC(=O)c1cnc2c(OCC[S+](C)[O-])cccc2c1Nc1ccc(F)cc1C,0
29,CHEMBL83144,CC(C)(C)C(=O)Oc1ccc2cc(S(N)(=O)=O)sc2c1,0
30,CHEMBL3662668,N#C[C@H](Cc1ccc(N2CCN(CC3CCCO3)CC2)cc1F)NC(=O)[C@H]1N[C@@H]2CC[C@H]1C2,0
31,CHEMBL153694,CO/N=C(/C(=O)OC)c1ccccc1/C=C/C#Cc1ccccc1C(F)(F)F,0
32,CHEMBL356738,NCCC(=O)N1CCN(CCCc2ccccc2)CC1,0
33,CHEMBL151829,CC(C)C[C@H](NC(=O)OCc1ccccc1)C(=O)N[C@H](C=O)CC1CCCCC1,0
34,CHEMBL467228,NC(=O)c1nn[nH]c1Nc1ccc(Cl)cc1[N+](=O)[O-],0
35,CHEMBL491107,C[C@H]1NC(c2cc(C#N)ccn2)=NC1(c1ccc(F)cc1)c1ccc(F)cc1,0
36,CHEMBL87850,O=C(NCc1ccccc1)c1cc2cc(CCl)ccc2oc1=O,0
37,CHEMBL277364,COc1ccc(-c2nc(SCSC)[nH]c2-c2ccc(OC)cc2)cc1,0
38,CHEMBL558324,O=C(O)/C=C(\CCc1ccc(F)cc1)c1ccccc1,0
39,CHEMBL1088769,CC(=O)N1CCN(c2noc(-c3cc(O)c(O)c([N+](=O)[O-])c3)n2)CC1,0
40,CHEMBL1492446,O=C(COC(=O)/C=C/c1ccccc1)NCc1ccc(Cl)cc1,0
41,CHEMBL455421,Cn1c(=O)c2c(ncn2CCCC(=O)N2CCCC2=O)n(C)c1=O,0
42,CHEMBL202153,Cc1ccc(NC(=O)c2scnc2CCc2ccncc2)c(F)c1,0
43,CHEMBL113102,CCCCN(CC)[C@@H]1C=C(C(=O)O)C[C@H](N)[C@H]1NC(C)=O,0
44,CHEMBL3715398,CC(C)Oc1cc(-c2cc(C3CCN(C4COC4)CC3)n(C3CCC(F)(F)C3)n2)cnc1N,0
45,CHEMBL2311083,COC(OC)[C@]1(C)Oc2ccc(N)cc2[C@@H](/N=C(\NC#N)NCc2ccccc2)[C@@H]1O,0
46,CHEMBL577726,CC(C)COc1cccc(-n2cnc3c(Cl)ncnc32)c1,0
47,CHEMBL3911099,CCC(O)(c1ncc(-c2cc(C)cc(Nc3cc(C4CC4)ccn3)n2)s1)[C@H]1CC[C@H](C(N)=O)CC1,0
48,CHEMBL1096161,CCO/C=N/c1c(C#N)ncn1Cc1ccccc1,0
49,CHEMBL407724,CCc1ccc(SC2=C(Cl)C(=O)c3nc(-c4ccccn4)[nH]c3C2=O)cc1,0
50,CHEMBL1517283,CCC(=O)N1CCc2cc(Br)cc(S(=O)(=O)NCC3CCCN3CC)c21,0
51,CHEMBL3623425,Cc1cc(Cl)ccc1Oc1cn(Cc2ccccc2)c(COc2ccccc2)cc1=O,0
52,CHEMBL1688143,N#Cc1ccc(CN2C(=O)c3ccccc3C2(O)c2ccc(Cl)cc2)cc1,0
53,CHEMBL2282296,O=C(/C=C/c1cn(-c2ccccc2)nc1-c1ccncc1)N1CCN(C(=O)c2ccco2)CC1,0
54,CHEMBL2171371,CC(C)OC(=O)c1cc2c(o1)C(=O)c1ccccc1C2=O,0
55,CHEMBL3912449,Cc1c(Cc2ccccc2)nnc(N2CCN(c3cnc(C(C)(C)O)cn3)[C@@H](C)C2)c1C,0
56,CHEMBL4100505,O=C(c1ccccc1)c1ccc(NS(=O)(=O)c2cccc(Br)c2)cc1,0
57,CHEMBL77832,CCCCCCCCCCCN(CCCCCCCCCCC)C(=O)Nc1ccc(C)cc1C,0
58,CHEMBL292896,N[C@@H](C[C@@H](C/C=C/c1ccc(-c2ccccc2)cc1)C(=O)O)C(=O)O,0
59,CHEMBL1703226,COc1ccc(NC(=O)CNS(=O)(=O)c2cccs2)c(OC)c1,0
60,CHEMBL4280544,COc1cc(CCN(C)C)c2c(c1O)SSC(C)S2,0
61,CHEMBL506083,CC1(C)C2CC=C(CNC3CCN(Cc4ccc(Cl)cc4F)CC3)C1C2,0
62,CHEMBL164218,C=C(CN1Cc2cccc3nc(O)n(c23)CC1C)C(C)C,0
63,CHEMBL3087460,Cc1ccc(C(=O)O)cc1NC(=O)CSc1nc2cc([N+](=O)[O-])ccc2[nH]1,0
64,CHEMBL195674,CCOc1ccc2c(c1)OC(N)=C(C#N)C2c1cc(Br)c(OC)c(OC)c1,0
65,CHEMBL4063399,Cc1cn(CCCNc2ccccc2-c2cccc(F)c2)cn1,0
66,CHEMBL3694402,COc1ccccc1-c1cc(NC(=O)C2CCC(=O)NC2)ncn1,0
67,CHEMBL377809,COc1ccc2[nH]cc(C3(CNC(=O)C4CCC4)CCC3)c2c1,0
68,CHEMBL1214813,Clc1ccc(/N=N/C2=C3CCCN3CCC2)cc1Cl,0
69,CHEMBL1527047,Cc1ccc(CNC(=O)CN2C(=O)CSc3ccc(S(=O)(=O)N4CCCC4)cc32)cc1,0
70,CHEMBL426249,O=[N+]([O-])c1cccc(S(=O)(=O)Nc2ccc(Cl)cc2)c1,0
71,CHEMBL4288459,COCCNc1nc(NCc2cccc(F)c2)nc(Oc2c(F)c(F)c(F)c(F)c2F)n1,0
72,CHEMBL117131,CCCCCn1cnc2c(O)nc(N)nc21,0
73,CHEMBL4159543,CCONC(=O)[C@@H](C)[C@H]1CC[C@H]2C3=CC[C@H]4C[C@@H](OC(C)=O)CC[C@]4(C)[C@H]3CC[C@@]21C,0
74,CHEMBL140015,C=CCOC(=O)C1=CS[C@H]2[C@@H]([C@H](C)OC(C)=O)C(=O)N12,0
75,CHEMBL250102,CSc1nc2sc3c(c2c(=O)n1-c1ccc(C)c(C)c1)CC(C)CC3,0
76,CHEMBL402768,Cc1ccc(C(=O)Nc2ccccc2Cl)cc1S(=O)(=O)N1CCCCC1,0
77,CHEMBL1384149,Cc1ccc(C(c2nnnn2C(C)(C)C)N2CCc3ccccc3C2)cc1,0
78,CHEMBL2425575,CC(C)[C@H](NC(=O)c1cc(Cl)ccc1O)C(=O)Nc1ccc(Cl)cc1,0
79,CHEMBL351154,CC1(C)OC(c2ccc(S(C)(=O)=O)cc2)=C(c2ccco2)C1=O,0
80,CHEMBL3717580,COc1cc(OCc2nsc(-c3ccccc3)n2)c2cc(-c3cn4nc(OC)sc4n3)oc2c1,0
81,CHEMBL3798792,N#Cc1cccc(C(=O)Nc2cccc(Nc3ccnc(NC(=O)C4CC4)c3)c2)c1,0
82,CHEMBL379219,N=c1c(Cc2cccs2)c[nH]c(=O)n1-c1ccc(Cl)cc1,0
83,CHEMBL396861,O=C(NCCc1c[nH]c2ccc(O)cc12)Oc1cccc(Cl)c1,0
84,CHEMBL573380,CC(C)(C)OC(=O)N1C(c2cc(C(C)(C)C)c(O)c(C(C)(C)C)c2)SC[C@H]1C(=O)O,0
85,CHEMBL1092960,COC(=O)n1[nH]c(=O)c(-c2ccc(OC)c(OC)c2)c1-c1cc(OC)c(OC)c(OC)c1,0
86,CHEMBL1084576,CCCC1CCC(NC(=O)CCc2nc(-c3ccc(O)cn3)no2)=C(C(=O)O)C1,0
87,CHEMBL4229253,COc1ccc(C(=O)N2CC[C@@H](NC(=O)c3ccccc3Cl)[C@H](c3ccccc3)C2)cc1OC,0
88,CHEMBL403174,COc1ccc2c(Sc3ccc(Br)cc3)c3ccoc3nc2c1,0
89,CHEMBL2144640,Oc1cc(-c2nc3ccccc3s2)cc2c1OCCN(Cc1cccn1-c1ccccn1)C2,0
90,CHEMBL3604314,COc1c(C)c(O)c2c(=O)c(O)c(-c3ccc(O)cc3)oc2c1C,0
91,CHEMBL1933344,CN1C/C=C/CCOc2cccc(c2)-c2nc(nc3[nH]cnc23)Nc2cccc(c2)C1,0
92,CHEMBL566409,CN1CCN(c2cccc3[nH]c(C(=O)c4ccccc4)nc23)CC1,0
93,CHEMBL3701092,CNC(=O)c1cc(-c2ccnc(C)c2C#Cc2ccc(C)nc2)ccc1Cl,0
94,CHEMBL4071745,COc1ccc(C(=O)C(C)C(SCCN)c2ccc(OC)c(OC)c2)c(OC)c1,0
95,CHEMBL2403662,O=C1NCCc2nc(C#Cc3ccccc3F)sc21,0
96,CHEMBL4294505,O=[N+]([O-])c1cc(NC2CCN(CCc3ccccc3)C2)ccc1CO,0
97,CHEMBL324708,CN1CCC(N2C(=O)Nc3ccccc3C2c2ccccc2)CC1,0
98,CHEMBL3798239,Cc1ncc(Oc2ccc(NC(=O)c3ncccc3N)cc2Cl)cn1,0
99,CHEMBL238767,CCC[C@H](NC(=O)Cc1cc(F)cc(F)c1)C(=O)Nc1ncc(C(C)NCC(C)C)s1,0
100,CHEMBL2323317,Cn1nccc1-c1cc(F)ccc1Oc1ccc(S(=O)(=O)Nc2ccncn2)cc1Cl,0
101,CHEMBL92657,CCCCNC(=O)OC12CC3CC(CC(C3)C1)C2,0
102,CHEMBL271968,c1ccc(CN2CCN(Cc3ccccc3)C2c2ccccc2)cc1,0
103,CHEMBL2131761,COc1ccc(Cc2c(-c3ccc(C)cc3)nc3c4ccccc4ccn23)c(C)c1,0
104,CHEMBL3890044,Cc1cc(N2C(=O)OC(C)(C)[C@@H]2c2ccccc2)ccc1C(=O)Nc1ccnc2cccnc12,0
105,CHEMBL1630283,COc1ccc(C2O[C@@H](c3cc(C(F)(F)F)nc4c(C(F)(F)F)cccc34)[C@H]3CCCCN23)cc1,0
106,CHEMBL125065,CCCc1cc(Cl)c(Cl)cc1OCC(O)COc1ccc(/C=C2\SC(=O)NC2=O)cc1,0
107,CHEMBL33126,O=C1NC(=O)C(S(=O)(=O)c2ccc(F)cc2)S1,0
108,CHEMBL41386,C/N=C(/S)[C@@]1(c2cccnc2)CCCC[C@@H]1CCNc1ccccc1,0
109,CHEMBL253999,CCc1cn([C@H]2C[C@H](O)[C@@H](OP(=O)(O)O)O2)c(=O)[nH]c1=O,0
110,CHEMBL3693182,N#Cc1nc(N)ccc1-c1ccc(-c2ccccc2S(=O)(=O)C2CC2)cc1F,0
111,CHEMBL1229798,Cc1ncc(C[n+]2cccc(CCO)c2C)c(N)n1,0
112,CHEMBL520764,CCCCCCCCCCCCCCCC(=O)Oc1c(OC)cc2ccnc3c2c1N(C)C=C3,0
113,CHEMBL106689,Nc1ncnc2c1ncn2[C@H]1CC[C@@H](OCC(=O)O)C1,0
114,CHEMBL2057624,COc1cccc([C@H]2O[C@H](CC(=O)NCCC(=O)O)c3cccn3-c3ccc(Cl)cc32)c1OC,0
115,CHEMBL136594,CSc1ccc(C(O)CC2CCN(Cc3ccccc3)CC2)cc1,0
116,CHEMBL2029930,O=C(Nc1ccncc1)Nc1cccc(CCN2CCN(c3ccccc3)CC2)c1,0
117,CHEMBL3654385,O=C(Cc1c(Cl)cncc1Cl)c1ccc(OC(F)F)c2c1OC1(CCS(=O)(=O)CC1)O2,0
118,CHEMBL144986,CCOC(=O)[C@H](C)Nc1nc2ccccc2c(=O)o1,0
119,CHEMBL434125,OC[C@H](NC1CCN(CCCc2c[nH]c3ccc(-n4ccnc4)cc23)CC1)c1ccccc1,0
120,CHEMBL186293,Cc1nc(CN2CCN(c3nc(N)n4nc(-c5ccco5)nc4n3)CC2)c[nH]1,0
121,CHEMBL582922,c1ccc(CN2CCC(n3ncc4c(N5CCOCC5)nc(-c5cccc6cc[nH]c56)nc43)CC2)cc1,0
122,CHEMBL127269,CNC(=O)C(=O)CCCCCCc1cnc(-c2ccc(Br)cc2)o1,0
123,CHEMBL1892473,CC(C)NC(=O)c1ccc(S(=O)(=O)N(C)C)cc1,0
124,CHEMBL3323000,O=C(NCCCCN1CCN(c2ccnc3cc(C(F)(F)F)ccc23)CC1)c1cn2ccccc2n1,0
125,CHEMBL2140623,C[C@@H]1CCC[C@@]2(O[C@@H](CCO)C[C@H](O)[C@H]2O)O1,0
126,CHEMBL3957897,CC(=O)c1c(N(Cc2ccc(F)c(F)c2)S(C)(=O)=O)sc2ccccc12,0
127,CHEMBL3628336,Cc1cc(NCc2ccccn2)n2ncc(-c3ccco3)c2n1,0
128,CHEMBL2287327,Cn1s/c(=N/c2ccc(Cl)cc2)nc1-c1ccc(Cl)cc1,0
129,CHEMBL1767196,CN(C)c1ccc(/C=C/C(=O)/C=C/c2ccc(-c3ccc(Br)s3)s2)cc1,0
130,CHEMBL1214435,CC1(C)Oc2cc(CN3C4CC5CC3CC(C4)O5)cc(O)c2[C@@H]2C[C@@H](O)CC[C@H]21,0
131,CHEMBL1643720,Cc1cc(C)cc(-c2cc3cc(C(=O)NC(C)(C)C)ccc3n2CC(C)O)c1,0
132,CHEMBL4168917,Nc1ccc(-c2nc3ccccc3c3cc[nH]c23)cc1,0
133,CHEMBL111163,CC(=O)OCC(=O)[C@@]1(O)[C@H](C)CC2C3C[C@H](F)C4=CC(=O)CCC4(C)C3C(O)CC21C,0
134,CHEMBL3604164,O=C(Nc1ccc(F)cc1Cl)c1n[nH]c(C(F)F)c1Cl,0
135,CHEMBL4216484,CCOc1cc(-c2ccc(N)c(F)c2)c[nH]c1=O,0
136,CHEMBL1502539,CCN(CC(=O)Nc1cccc(C(C)=O)c1)S(=O)(=O)c1ccc(C)cc1,0
137,CHEMBL3238381,NC(=S)n1nc(-c2ccc(C(F)(F)F)cc2)c(/N=N/c2cccc(Cl)c2)c1O,0
138,CHEMBL3298068,Cc1ccc2c(c1)/C(=C/C(C)C)C[C@]2(O)CO,0
139,CHEMBL394508,COC(=O)CCc1c2c(c(C[C@@H](C)N)c3c1OCC3)OCC2,0
140,CHEMBL4216007,COc1ccc(C(=O)Nc2ccc3oc(-c4ccc(OC)c(OC)c4)nc3c2)cc1,0
141,CHEMBL3780767,O=C1Nc2ccccc2/C1=N/NC(=O)c1ccccc1OCc1ccccc1,0
142,CHEMBL3656950,Cc1cn(-c2ccc(C(N)=O)c(N[C@H]3CC[C@H](O)CC3)c2)c2nccc(-c3cnc4ccccc4c3)c12,0
143,CHEMBL2069341,Cc1ccnc(Nc2cccc(-c3ccnc(N4CCNCC4)c3)n2)c1,0
144,CHEMBL4160859,COc1cccc(/C=N/NC(=O)c2cc3ccccc3oc2=O)c1,0
145,CHEMBL395593,CC1CNC(=O)c2[nH]c3ccc(C(=O)Nc4ccc(F)cc4)cc3c21,0
146,CHEMBL3716423,Cc1ccc(C(=O)/C=C/c2cc(O)c3ccccc3n2)cc1,0
147,CHEMBL174052,CCCCCCCC/C=C\CCCCCCCC(=O)c1nc(-c2ncccn2)co1,0
148,CHEMBL490691,Cn1cc(C(=O)O)c(=O)c2cc(C(F)(F)F)c(N3CCN(c4nc5ccccc5s4)CC3)cc21,0
149,CHEMBL554498,OC[C@H]1O[C@@H](c2nnc(-c3cccc4ccccc34)o2)[C@H](O)[C@@H](O)[C@@H]1O,0
150,CHEMBL1516090,COc1ccc(COC(=O)C2CCN(S(=O)(=O)c3ccc(F)cc3)CC2)cc1,0
151,CHEMBL1888121,COc1ccccc1N1CCN(C(=O)C2CC(=O)N(c3ccccc3)C2)CC1,0
152,CHEMBL1452440,O=C(O)C1Nc2c(cccc2S(=O)(=O)c2ccccc2)C2C=CCC12,0
153,CHEMBL495118,CNc1noc2c(-c3ccc4c(N5CCOC[C@@H]5C)nncc4c3)c(Cl)ccc12,0
154,CHEMBL231776,CCN(CC)Cc1ccc(C(=O)N(CCc2ccccc2OC)C2CCNC2)cc1,0
155,CHEMBL601339,COC(=O)c1ccc(NC(=O)CSc2nc3cc4c(cc3cc2C#N)OCCO4)cc1,0
156,CHEMBL3808733,CC(C)(C)Oc1ccc(-c2ccc3nnc(C(F)(F)F)n3c2)cc1,0
157,CHEMBL177124,CCN(CC)CCc1c[nH]c2ccc(NS(=O)(=O)c3cc(Cl)cc(Cl)c3)cc12,0
158,CHEMBL2022640,CC1=CC(/C=C/C(=O)c2ccc(O)cc2)=C/C(=C\NCCNc2ccnc3cc(Cl)ccc23)C1=O,0
159,CHEMBL1892069,CCn1cc(CNC(=O)C2CCC(=O)N(Cc3ccc(Cl)cc3)C2)cn1,0
160,CHEMBL3094199,CCCc1nc2ccc(OCc3ccc4ccccc4n3)cc2n1-c1ccccc1,0
161,CHEMBL585254,Cc1nc2c(-c3ccccc3)c(C)nn2c(C)c1CC(=O)NCc1ccccn1,0
162,CHEMBL3355933,CCc1[nH]c2cc(F)ccc2c1C1CCN(CCCSc2ccccc2)CC1,0
163,CHEMBL3617181,COc1cc(CN2CCc3cc(OC)c(OC4CCCC4)cc3C2)ccc1O,0
164,CHEMBL2143540,Cc1ccc(C2C(=O)NC(=O)NC2=O)cc1,0
165,CHEMBL350498,O=C1C2CSCC1CN(Cc1ccccc1)C2.[O-][Cl+3]([O-])([O-])O,0
166,CHEMBL321039,CC(=O)OCC(=O)[C@@]1(O)CCC2C3C[C@H](F)C4=CC(=O)C=CC4(C)C3C(=O)CC21C,0
167,CHEMBL1835728,O=C(O)CCN1CCN(Cc2cccc(Oc3ccccc3)c2)S1(=O)=O,0
168,CHEMBL125357,O=C(O)C(=O)O.c1cncc(N2CCNCC2)c1,0
169,CHEMBL3553165,Cc1ccc(CNC(c2ccccc2)c2nccn2C)cc1,0
170,CHEMBL3717685,O=C(O)c1ccc2nc(-c3ccc(F)cc3)c(N3CCC(c4ccccn4)CC3)nc2c1,0
171,CHEMBL54130,COc1cc(C(=O)O)ccc1Cn1ccc2ccc(NC(=O)C(C)c3ccccc3)cc21,0
172,CHEMBL3185312,COc1ccc(C(=O)NCC2CCOCC2)cc1OC1CCN(C(C)C)CC1,0
173,CHEMBL3961586,Nc1c(C(=O)c2ccc(F)cc2)sc2nc3c(cc12)CCCC3,0
174,CHEMBL4072587,CCOc1cc([C@@H](O)P(=O)(O)CC[C@H](N)C(=O)O)cc([N+](=O)[O-])c1O,0
175,CHEMBL4087854,COc1ccc(-c2nn3cc(Cl)ccc3c2Cc2cccc(C(=O)O)n2)cc1,0
176,CHEMBL3679451,O=C(NCc1cn(-c2ccccc2)c2cc(Cl)ccc2c1=O)c1ccnc(N2CCOCC2)c1,0
177,CHEMBL192752,COC(=O)/C=C/c1cccc(N(Cc2ccc(-c3ccc(OC(F)(F)F)cc3)cc2)C(=O)C(C)C)c1,0
178,CHEMBL1721910,Cc1ccc(N(C(=O)CNC(=O)c2ccco2)C(C(=O)NC2CCCC2)c2ccncc2)c(C)c1,0
179,CHEMBL370977,CC(C)(C)c1ccc(/C(=C/C(=O)Nc2ccc3c(c2)OCCO3)c2ccc(C(F)(F)F)cc2)cc1,0
180,CHEMBL353879,CC(C)(C)ONC(=O)c1cc(/N=C/c2cc(O)ccc2O)ccc1O,0
181,CHEMBL297014,CCn1cc(Cc2ccc(C(=O)O)cc2OC)c2cc(NC(=O)CC3CCCC3)ccc21,0
182,CHEMBL549707,CC(=O)Nc1ncc(-c2ccc(O)cc2)nc1-c1ccc(F)cc1,0
183,CHEMBL3715669,COc1ccc2c(c1)CCCC2NC(=O)c1cccc(Cl)c1O,0
184,CHEMBL1601817,COC(=O)C1=C(C)N=C(C)C(=C(O)OC)C1C(=O)OC1CCCCC1=O,0
185,CHEMBL3527079,COCc1c(C(=O)NC(=N)N)cnn1-c1cccc2ncccc12,0
186,CHEMBL1771591,CN(CCOc1ccc2[nH]cc(CC(=O)O)c2c1)c1nc2ccccc2o1,0
187,CHEMBL3765373,CCOC(=O)NCCCOc1cc2c(-n3nc(-c4ccccn4)nc3N)ncnc2cc1OC,0
188,CHEMBL314806,C[C@@H](NC(=O)c1cccc(N(C)C)c1)C(=O)S[C@H](Cc1ccc(-c2ccccc2)cc1)C(=O)O,0
189,CHEMBL376233,Cn1cc(-c2ccc(F)cc2)c(-c2ccncc2)c1N1CCNCC1,0
190,CHEMBL1784681,COc1ccc(-c2ccn(CC(F)(F)C(=O)O)c2-c2ccc(C(N)=O)cc2C)cc1,0
191,CHEMBL4107844,CC(=O)c1nn(CC(=O)N2[C@H](C(=O)NC[C@@H]3CC3(Cl)Cl)C[C@H]3C[C@H]32)c2ncccc12,0
192,CHEMBL3394801,COC(=O)CC/C(C)=C/Cc1c(O)cc2c(c1O)CN([C@@H](Cc1ccccc1)C(=O)OC)C2=O,0
193,CHEMBL4128718,CC(C)COc1ncc(-c2ccc(-c3nnc(S(=O)(=O)C4CCC4)[nH]3)cc2F)cc1Cl,0
194,CHEMBL309707,O=C1NC(=O)C(Cc2ccc(OCC3CC3)cc2)S1,0
195,CHEMBL578886,COCCN(C(C)C(=O)NC(CN1CCCC1)c1ccccc1)S(=O)(=O)c1c(C)noc1C,0
196,CHEMBL488960,C[C@]1(C(=O)O)CCC[C@]2(C)c3cc(OCc4ccc(C(F)(F)F)cc4)ccc3CC[C@@H]12,0
197,CHEMBL1877895,COc1ccc(NC(=O)c2cccc(NC3=NC4CS(=O)(=O)CC4S3)c2)cc1Cl,0
198,CHEMBL1552212,CCN(Cc1ccccc1)C(=O)CCS(=O)(=O)c1ccc2c(c1)n(C)c(=O)c(=O)n2C,0
199,CHEMBL276968,CN(Cc1cnc2nc(N)nc(O)c2n1)c1ccc(C(=O)NC(CCC(=O)O)C(=O)O)cc1,0
200,CHEMBL1717736,CNC(=O)c1ccc(C)c(NC(=O)C2=C(C)OCCS2)c1,0
201,CHEMBL4163466,CC(=O)N1C(=O)c2cccc3c(S(=O)(=O)N4CCCC4)ccc1c23,0
202,CHEMBL14685,CCN1CCCC1CNC(=O)c1cc(NS(N)(=O)=O)ccc1OC,0
203,CHEMBL3672251,CC(N)c1ccc(-c2c(O)cc(Br)c3[nH]c(=O)c4sccc4c23)cc1,0
204,CHEMBL3188603,CC(C)(C)NC(=O)CN(c1ccccc1Cl)S(C)(=O)=O,0
205,CHEMBL1099286,CCOC(=O)C(C)O/N=C(C)/C=C/c1ccc(OC)cc1,0
206,CHEMBL3896363,Cc1ccc(CN2CC[C@@H](N3CC[C@@H](c4ccc(O)c(F)c4)[C@H](F)C3)C2=O)cc1F,0
207,CHEMBL1627725,CCC(=O)CC[C@H]1C[C@]2(C)[C@@H](O)CC[C@H]2[C@@H]2CCc3cc(O)ccc3[C@@H]12,0
208,CHEMBL1733044,O=C(Nc1nnc(C2CC2)s1)c1cncc(Br)c1,0
209,CHEMBL362614,CCCN1C(=O)c2ccccc2C1(OCCc1ccccn1)c1ccc(Cl)cc1,0
210,CHEMBL3208110,Cc1ccccc1C(=O)N/N=C1/SCC(=O)N1Cc1ccc2c(c1)OCO2,0
211,CHEMBL1900207,CS(=O)(=O)N(CC(=O)Nc1ccccc1C(=O)N1CCOCC1)c1cccc(F)c1,0
212,CHEMBL1458607,Cc1ccccc1CS(=O)(=O)Cc1ccc(C(=O)NCCCN2CCCC2=O)o1,0
213,CHEMBL3715469,COc1cc(-c2cc([C@@H]3[C@H]4CN(C5COC5)C[C@H]43)n(C(C)C)n2)cnc1N,0
214,CHEMBL3235875,Cc1cc(O)c(C(=O)/C=C/c2ccc3c(c2)OCCO3)cc1C,0
215,CHEMBL3357961,CC(C)C[C@H](NC(=O)CN=[N+]=[N-])C(=O)N[C@@H](CC(C)C)C(=O)NCC#N,0
216,CHEMBL349454,O=C(O)c1cc2nc3ccc(Cl)cc3c(O)n2n1,0
217,CHEMBL333015,C=C(c1ccc(OC)cc1)[C@H]1CN[C@H](C(=O)O)[C@H]1CC(=O)O,0
218,CHEMBL2147014,Cc1ccccc1-c1ccnc(NCc2cc(-c3ccccc3)[nH]n2)n1,0
219,CHEMBL4088715,[O-][S+](Cc1ccsc1Br)C(c1ccccc1)c1ccccc1,0
220,CHEMBL3392031,O=C(O)C[C@H](O)C[C@H](O)C=Cc1c(C2CC2)nc2ccccc2c1-c1ccc(F)cc1,0
221,CHEMBL3921137,Cc1ccc(C(=O)N2CCC(c3ccc(C#N)cc3)CC2)cc1-c1cn[nH]c1C,0
222,CHEMBL2087249,C=CC(=O)O[C@@H]1CN2Cc3cc4c(cc3[C@]13C=C[C@@H](OC)C[C@H]23)OCO4,0
223,CHEMBL3919815,COC(=O)c1ccc(COc2ccc(C(=O)Nc3ccc(C4CNCCO4)cc3)cc2)cc1,0
224,CHEMBL226972,O=c1[nH]c2c(-c3ccccc3Cl)ncnc2n1-c1ccc(F)cc1F,0
225,CHEMBL3690396,O=C(NCC(F)(F)F)Nc1cncc(-c2cnc3cc(Cl)ccn23)c1,0
226,CHEMBL3551811,CN1CC(=O)N(c2cccc(F)c2)CC12CCN(Cc1ccncc1)C2,0
227,CHEMBL2315334,CN(C)c1nc(-c2ccc(F)c3c(C(=O)C(=O)N4CCN(C(=O)c5ccccc5)CC4)c[nH]c23)no1,0
228,CHEMBL4125706,CCc1ccc(OCCCSc2nnc(N)[nH]2)cc1,0
229,CHEMBL4115143,CC1(C)[C@H]2Cc3ccccc3[C@]1(C)CCN2C(=O)[C@H]1CC[C@@](C)(O)CC1,0
230,CHEMBL4129445,O=C1c2ccccc2C(=O)c2c1nc(C1CCCCC1)n2CCN1CCOCC1,0
231,CHEMBL3326180,Cc1cccc(-c2ccoc2C(=O)NNC(=O)c2ccc(O)c([N+](=O)[O-])c2)c1,0
232,CHEMBL92205,O=C(CCCOc1ccc2[nH]c3nc(O)nc-3cc2c1)N1CCN(c2ccccc2)CC1,0
233,CHEMBL1440896,Cc1ccc(NC(=O)c2ccc(NC(=O)C3CCCCC3C(=O)O)cc2)cc1,0
234,CHEMBL296084,O=[N+]([O-])c1cc2c(OCCC3CCCCN3)c(-c3ccc(Cl)c(Cl)c3)c(O)nc2cc1Cl,0
235,CHEMBL1896850,Cc1cc(NC(=O)CSc2cc(C)c3ccccc3n2)no1,0
236,CHEMBL2420408,COC(=O)c1ccc(Cl)cc1NC(=O)CCSc1ccccn1,0
237,CHEMBL1630222,Nc1ccn([C@H]2CC[C@@H]([C@@H](F)OP(=O)(O)OP(=O)(O)OP(=O)(O)O)O2)c(=O)n1,0
238,CHEMBL136861,CN1CCC[C@H]2[C@@H](c3ccc(N)cc3)c3ccccc3[C@H]21,0
239,CHEMBL90065,CCCC(=O)c1cnc2c(OC)cccc2c1Nc1ccc(CO)cc1,0
240,CHEMBL4067877,O=C(NCc1ccccc1)c1cccc(NCc2nc(-c3ccncc3)c[nH]2)c1,0
241,CHEMBL4211095,CCCC(C)(C)C(=O)NC[C@@H](Cc1ccccc1)N1CCC(O)(C(F)(F)F)CC1,0
242,CHEMBL128101,O=C(NCCC12CC3CC(CC(C3)C1)C2)c1ccccc1Cl,0
243,CHEMBL2204908,COCCNC(=O)c1c(NC(=O)c2ccccc2Cl)sc2c1CCC2,0
244,CHEMBL260095,Cc1c(C(=O)NN2CCCCC2)nn(-c2c(Cl)cc(Cl)cc2Cl)c1-n1cccc1,0
245,CHEMBL1096079,CCCCCCC1CN(c2ccccc2S(C)(=O)=O)C(=O)O1,0
246,CHEMBL4061920,CN(C)CCCNc1nn2c(=O)c3cc(F)ccc3nc2c2ccccc12,0
247,CHEMBL1927703,Nc1ccc([N+](=O)[O-])cc1C(=O)NCCCc1ccccc1,0
248,CHEMBL1899322,O=C(O)Cc1c(C(=O)O)nnn1-c1ccc(Cl)cc1Cl,0
249,CHEMBL1868240,CC(C)(C)NC(=O)C(c1ccc(F)cc1)N(CC1CCCO1)C(=O)c1csnn1,0
250,CHEMBL314163,Cc1cc2c(OC[C@H](O)CN3CC[C@@H](c4ccc5sccc5c4)C[C@@H]3C)cccc2[nH]1,0
251,CHEMBL1689665,CC(C)(C)c1cc(=O)n2nc(C(F)(F)F)c(-c3cccc4ccccc34)c2[nH]1,0
252,CHEMBL1720052,CC(C(=O)c1c[nH]c2ccccc12)N1CCN(C(=O)c2ccco2)CC1,0
253,CHEMBL22221,O=C(O)[C@H]1CN(c2ccccc2)C(=O)[C@H]1NS(=O)(=O)c1ccc2ccccc2c1,0
254,CHEMBL2094535,CCCN(CCC)CC(O)COc1ccc2ccccc2c1,0
255,CHEMBL161066,c1cc(CNC[C@@H]2CCN(CCc3c[nH]c4ccc(-n5cnnc5)cc34)C2)ccn1,0
256,CHEMBL126390,CCC(C)[C@H]1C(=O)N(S(=O)(=O)c2ccc(C)cc2)CCN1C(=O)OC(C)(C)C,0
257,CHEMBL3560902,OC[C@@H]1[C@H](c2ccc(C3=CCCC3)cc2)[C@@H](CNC2CCCC2)N1CC1CC1,0
258,CHEMBL3672127,CC(Nc1nccc(N2C(=O)OC[C@@H]2C(C)C)n1)c1ccccn1,0
259,CHEMBL1909724,CC(C)S(=O)(=O)N1CCN(CCNc2nc(-c3ccccn3)cs2)CC1,0
260,CHEMBL3628596,CCN(CC)C(=O)c1ccc(Cn2nnc3c2C(=O)c2ccccc2C3=O)cc1,0
261,CHEMBL2032092,COC1=C[C@]23C(=CC1=O)CCN(C(=O)C(F)(F)F)C2CCc1cc(OC)c(OC)c(OC)c13,0
262,CHEMBL3827754,c1ccc(CCCOCc2ccc3c(c2)CCCCC3)cc1,0
263,CHEMBL3402435,COc1cc(C(=O)NN2c3ccccc3C(C)(C)C(C)(C)c3ccccc32)cc(OC)c1OC,0
264,CHEMBL3660684,O=C(NCC1CC1)c1cccnc1Oc1ccc(Nc2ccccn2)cc1,0
265,CHEMBL467754,CC(=O)N[C@H]1[C@H](O[C@@H]2[C@@H](CO)O[C@@H](O)[C@H](NC(C)=O)[C@H]2O)O[C@H](CO)[C@@H](O)[C@@H]1O,0
266,CHEMBL4087723,O=c1cc(C(F)(F)F)c2ccc(OCc3ccc(Br)cc3)cc2o1,0
267,CHEMBL3105606,COC(=O)C1=C(C)Oc2ccc3ccccc3c2C1c1ccc(O)cc1,0
268,CHEMBL1210129,COc1ccc(/C=C/C(=O)c2cc3ccccc3oc2=O)cc1OC,0
269,CHEMBL248577,CCc1nc(N(C)[C@@H]2c3ccccc3C[C@@H]2OC)c(CC)nc1Oc1cc(C)ccn1,0
270,CHEMBL1474919,Cc1cc(C)c(OCC(=O)OCC(=O)N2CCCc3ccccc32)c(C)c1,0
271,CHEMBL3983393,O=S(=O)(Nc1nccs1)c1ccc2c(c1)OCCN2c1ncc(F)cc1F,0
272,CHEMBL2377086,Nc1nc(-c2ccccc2)nc2sccc12,0
273,CHEMBL1689265,COc1c(-c2ccc(O)cc2)oc2cc(O[C@@H]3O[C@H](CO)[C@@H](O)[C@H](O)[C@H]3O)cc(O)c2c1=O,0
274,CHEMBL146115,C=CCOc1cccc2oc(-c3ccccc3)cc(=O)c12,0
275,CHEMBL3958844,COc1ccccc1-n1nc(OC2CCC(=O)CC2)cc1-c1ccc(Cl)cc1,0
276,CHEMBL1870864,Cc1ccc(C(=O)N2CCC(n3nccc3NC(=O)Nc3cccc(F)c3)CC2)cn1,0
277,CHEMBL167072,CC1=C(C(=O)OC(C)C)C(c2c(Cl)cccc2Cl)N(C(N)=O)C(=O)N1,0
278,CHEMBL1623913,COc1cc(CNCCO)cc(Br)c1OCc1ccccc1Cl,0
279,CHEMBL250034,Fc1ccc(C(c2ccccc2)c2ccc(OCCN3CCCCC3)c3ccccc23)cc1,0
280,CHEMBL458713,CCOc1ccc([C@H]2c3[nH]c4ccccc4c3C[C@@H]3C(=O)N(Cc4ccccc4)C(=O)N23)cc1,0
281,CHEMBL3342714,CC(C)C(=O)NCc1ccc(Cl)c(-c2nc3ccc(-c4ccc(C(F)(F)F)cc4)cc3c(=O)[nH]2)c1,0
282,CHEMBL3793617,CCCCOc1nc(C)c(C#N)c2ccccc12,0
283,CHEMBL3728987,Cn1c(N2CCN[C@@H](c3ccc(-c4ccc(Cl)cc4)cc3)C2)nc(-c2ccncc2F)cc1=O,0
284,CHEMBL570357,CC(=O)/N=C1\NCCC(c2c[nH]c3ccc(Br)cc23)N1,0
285,CHEMBL497662,O=C1COc2ccc(NC(=O)C3CCN(c4cccc(Cl)c4)CC3)cc2N1,0
286,CHEMBL3764232,COc1cc2ncnc(-n3nc(-c4ccccn4)nc3N)c2cc1N,0
287,CHEMBL3914628,CC(=O)N1CCC(c2nc(-c3ccc([S+](C)[O-])cc3)c(Sc3ccc(Cl)cn3)o2)CC1,0
288,CHEMBL2151796,CCCCOc1ccc(C(=O)NC2CCCCC2)cn1,0
289,CHEMBL3660233,O=C(Nc1nc(C(F)(F)F)cs1)c1cncc(Oc2cccnc2)c1,0
290,CHEMBL1360600,Nc1nnc(SCC(=O)NC2CCCC2)s1,0
291,CHEMBL2112540,O=C(O)CCC/C=C\C[C@@H]1C(/C=C/[C@H](O)[C@H]2CCc3ccccc3O2)[C@H](O)C[C@@H]1O,0
292,CHEMBL1893570,CS(=O)(=O)Nc1ccc(S(=O)(=O)NCCc2ccccc2)cc1,0
293,CHEMBL3929981,N#Cc1c(-c2ccccc2)nc2[nH]nc(-c3cccc(Cl)c3)c2c1C1CC(F)(F)C1,0
294,CHEMBL3936096,CCOc1cccc(F)c1[C@@H]1C[C@@H](O)C(=O)N1Cc1ccccc1OC(F)(F)F,0
295,CHEMBL3676850,CCC(=O)N[C@H]1CC[C@H](CCN2CCC(c3coc4ccccc34)CC2)CC1,0
296,CHEMBL463681,CCCCCCOC(=O)Cc1ccc(OC)cc1,0
297,CHEMBL259168,COc1cccc(Nc2ccc3c(c2)/C(=C/Nc2ccc(CN4CCCCC4)cc2)C(=O)NC3=O)c1,0
298,CHEMBL2151538,N#Cc1ccc(-c2csc(N/N=C\c3cccs3)n2)cc1,0
299,CHEMBL55026,CC1(C)CCC2(CO)CC[C@]3(C)[C@@](O)(C2C1)[C@@H](O)C[C@@H]1[C@@]2(C)CC[C@H](O)C(C)(C)[C@@H]2CC[C@]13C,0
300,CHEMBL4100189,COc1cccc(C(=O)Nc2ccc(CCC(=O)O)cc2)c1,0
301,CHEMBL1808882,Cc1cc(-c2cccc(Cl)c2)ncc1C1CCCN1C(=O)C1CCS(=O)(=O)C1,0
302,CHEMBL1161974,O=C1C(NCCO)=CC2=NCCn3cnc1c32,0
303,CHEMBL59792,N[C@@H](C[C@@H](CC#Cc1ccccc1)C(=O)O)C(=O)O,0
304,CHEMBL1834469,O=C(NO)c1cnc(Nc2nnc(-c3cccc(Cl)c3)o2)nc1,0
305,CHEMBL1861114,COc1cccc(N2CCN(Cc3coc(-c4ccccc4C)n3)CC2)c1,0
306,CHEMBL3273255,CSc1nc2c(N)ncnc2n1[C@@H]1O[C@H](COP(=O)(O)O)[C@@H](O)[C@H]1O,0
307,CHEMBL3660028,CC(C)(C)COc1cccc2ccc(-c3nnc4ccccn34)nc12,0
308,CHEMBL3911741,Cc1cc(C2CCC2)c(-c2nnc(C#N)[nH]2)cc1C(=O)N1CCC(c2ccc(C#N)cc2)CC1,0
309,CHEMBL3556561,Cn1cc(N2CCC3(CCN(Cc4cccnc4)C3)C2=O)cn1,0
310,CHEMBL2153259,Cc1ccc(-n2cc([N+](=O)[O-])nc2C)cc1Br,0
311,CHEMBL3909147,CC[C@@H](NC(=O)c1cc(C(=O)N2CCC[C@@H]2C)n2c1COCC2)c1ccc(C(F)(F)F)c(F)c1,0
312,CHEMBL472039,CC(CC(=O)NC(=N)NCCCc1c[nH]cn1)c1nccs1,0
313,CHEMBL3330773,COc1ccc(CNC(=S)NC2CCN(CCn3c(=O)ccc4ncc(F)cc43)CC2)cc1,0
314,CHEMBL1554587,C[C@]12CCC3C(CCC4=CC(=O)C=C[C@]43C)C1CCC2=O,0
315,CHEMBL3909968,O=C(O)COc1ccc(Cl)cc1[C@@H]1c2scnc2CCN1C(=O)OCc1ccccc1F,0
316,CHEMBL2018207,CC1CCc2c(sc3nc(SCC(=O)Nc4ccc(S(N)(=O)=O)cc4)n(N)c(=O)c23)C1,0
317,CHEMBL3186462,COc1ccccc1-c1c[nH]c(C(O)c2ccc(CN3CCCC3)cc2)n1,0
318,CHEMBL502677,C=C/C(C)=C\C[C@@H]1C(=C)CC[C@@H]2C(C)(C)C[C@@H](OC(C)=O)C[C@@]12C,0
319,CHEMBL384363,COc1ccc(CCn2nnn[n+]2C2(c3ccc(Cl)cc3)CC2)cc1,0
320,CHEMBL321133,COc1cccc(C(=O)Nc2ccc3[nH]cc(C4CCN(C)CC4)c3n2)c1,0
321,CHEMBL3946779,CC(=O)OC(C(=O)Nc1cnn(Cc2c(C)noc2C)c1)c1ccccc1,0
322,CHEMBL1814063,CCCNC(=O)c1cc(=O)c2ccccc2o1,0
323,CHEMBL1902606,COc1c(Cl)cc(Cl)cc1CNCCSc1nnnn1C,0
324,CHEMBL454562,Nc1nc(N)c2c(n1)N(c1ccccc1)c1ccc(Cl)cc1S2(=O)=O,0
325,CHEMBL59230,CCSC1=C(SCC)C(=O)C2=C(C[C@H]3[C@H]4[C@H](C(=O)O)C[C@@H](C5OC[C@@H]2N53)N4C)C1=O,0
326,CHEMBL191746,CC[n+]1c(/C=C(\C)Nc2ccccc2)sc2ccccc21,0
327,CHEMBL170072,CC1(C)Oc2ccc(C#N)cc2[C@@H](/N=C(\NC#N)N2CCN(Cc3ccccc3)CC2)[C@@H]1O,0
328,CHEMBL511508,O=C(O)c1cn(CCO)c2ccc(Sc3ccccc3)cc2c1=O,0
329,CHEMBL434515,CCOc1noc(-c2nn[nH]n2)c1CC(N)C(=O)O,0
330,CHEMBL1916765,NCCCCCCN1C(=O)N(CC(=O)O)C(=O)C1(c1ccccc1)c1ccccc1,0
331,CHEMBL1085329,CC(=O)OCCOCn1nc(C(N)=O)nc1Sc1ccccc1C,0
332,CHEMBL140760,N=C(N)C1CCC[C@H](NC(=O)CN2CCC[C@H](NC(=O)NS(=O)(=O)c3ccccc3)C2=O)C1O,0
333,CHEMBL1548602,CCOC(=O)c1[nH]c2cc3c(cc2c1NC(=O)CN1CCCC1)OCO3,0
334,CHEMBL29728,CCCCCCCCCOc1c(C(=O)Nc2nn[nH]n2)n(-c2ccccc2)c2ccc(OC)cc12,0
335,CHEMBL87043,CCOC(=O)c1cnc(NN2C(=O)C=C(C)C2=O)nc1COC,0
336,CHEMBL1527917,CC(=O)Nc1ccc(N(C(=O)c2cnccn2)C(C(=O)NC2CCCCC2)c2ccc(O)cc2)cc1,0
337,CHEMBL211145,O[C@H]1CO[C@H](COCc2ccccc2)[C@@H](OCc2ccccc2)[C@@H]1OCc1ccccc1,0
338,CHEMBL3905343,COC(=O)c1cc2occc2n1CC(=O)c1cccc(Br)c1,0
339,CHEMBL1887829,N#Cc1c(O)ncc(C=O)c1Nc1ccccc1,0
340,CHEMBL3634121,NC(=S)N/N=C/c1cc2c(cc1NC(=O)CCl)OCO2,0
341,CHEMBL4229217,CCOC(=O)N1CCN(C(=O)CN(C)C(=O)c2cc(OC)c3ccccc3n2)CC1,0
342,CHEMBL1807212,C[C@H](CO)N1CCC(=C2c3ccc(Cl)cc3CCc3cccnc32)CC1,0
343,CHEMBL494233,CC(C)(CCOc1ccccc1)CCOc1cccc(NC(N)=S)c1,0
344,CHEMBL3229765,CCOc1ccc2nccc(C(O)C[N+]34CCC(CC3)C(CC)C4)c2c1,0
345,CHEMBL3933652,COCCNS1(O)C[C@@](C)(c2cc(NC(=O)c3ccc(Cl)cn3)ccc2F)NC(=N)C1(C)C,0
346,CHEMBL394327,c1ccc(-c2[nH]c3ncccc3c2C2=NCCN2)cc1,0
347,CHEMBL1828943,O=c1cc(-c2ccccc2)oc2c(-c3cccnc3)c(O)cc(O)c12,0
348,CHEMBL316832,N#C[C@@H]1CCCN1C(=O)CNCC12C[C@H]3C[C@@H](C1)C[C@@H](C2)C3,0
349,CHEMBL418063,CNC(=O)[C@H](Cc1ccc([N+](=O)[O-])cc1)NC(=O)Nc1nnc(S)s1,0
350,CHEMBL2322732,Cn1nccc1-c1cc(F)ccc1Oc1c(F)cc(S(=O)(=O)Nc2ncns2)cc1C#N,0
351,CHEMBL453752,COc1ccccc1/C=C1\SC(=S)N(C)C1=O,0
352,CHEMBL2355768,COCCNC(=O)C1(C)CCCN(Cc2csc3ccccc23)C1,0
353,CHEMBL1736858,COc1ccccc1NC(=O)C(C)OC(=O)CN1C(=O)C2CC=CCC2C1=O,0
354,CHEMBL3681560,Cc1onc(-c2ccc(F)cc2F)c1COc1ccc(C(=O)NC(C)C)cn1,0
355,CHEMBL568966,CCCCOc1ccc(CSC(=N)N)cc1Cl,0
356,CHEMBL1709440,CC(C)(C)C(=O)CSc1ccc(S(=O)(=O)N2CCCC2)cn1,0
357,CHEMBL3984010,O=C(O)COC[C@H]1CC[C@H](COC(=O)N(c2ccccc2)c2cc(F)cc(F)c2)CC1,0
358,CHEMBL1885422,COCCC(=O)N1CCC(Oc2ccc(C(=O)NCc3nccn3C)cc2)CC1,0
359,CHEMBL84437,CN(C)c1cccc(Oc2cc(C(=O)O)cc(Oc3cc(C(=N)N)ccc3O)n2)c1,0
360,CHEMBL1094646,CNc1ccccc1C(=O)/N=C(\N)Nc1nc(C)c2ccccc2n1,0
361,CHEMBL1097821,NCCCCN(Cc1ccc2ccccc2n1)C1CCCc2cccnc21,0
362,CHEMBL3335568,C=C[C@@H](c1ccc(OC)c(OC)c1)c1c(OC)cc(OC)c2c(=O)cc(-c3ccccc3)oc12,0
363,CHEMBL1356261,O=C1CN(c2ccc(C(F)(F)F)cc2[N+](=O)[O-])CC2OCCN12,0
364,CHEMBL4067331,O=C(NCCc1ccccc1)Nc1ccc2cnccc2c1,0
365,CHEMBL4082805,O=C(NCc1ccccc1)Nc1cccc(NCc2nc(-c3ccncc3)n[nH]2)c1,0
366,CHEMBL1889500,CCn1c(SCC(=O)N2CCCC2=O)nnc1-c1cccs1,0
367,CHEMBL43734,CNC(=O)CCCCCc1cccc2cncn12,0
368,CHEMBL136666,O=C(O)CN1CCN(c2nc3cccc(F)c3n3cccc23)CC1,0
369,CHEMBL1773843,CCS(=O)(=O)c1ccc2oc(Cc3ccc4ccccc4c3)nc2c1,0
370,CHEMBL1347167,COC(=O)C1=C(C)N(CC(C)C)C(=O)C1,0
371,CHEMBL1342040,O=C(OC1CCS(=O)(=O)c2sccc21)c1ccccc1,0
372,CHEMBL479289,CC(C)=CCCC1(C)C=Cc2c(cc(O)c3c(=O)c4cccc(O)c4oc23)O1,0
373,CHEMBL1652342,O=C1Nc2ccccc2/C1=N/Nc1cccc(Cl)c1,0
374,CHEMBL4279202,Cc1ccc([C@@H]2c3[nH]c4ccccc4c3C[C@@H]3C(=O)N(C)CC(=O)N23)o1,0
375,CHEMBL251315,CCOc1cc2ncnc(C#C[C@](C)(Cc3ccccc3)N3CCC(C(=O)O)CC3)c2cc1OCC,0
376,CHEMBL2180133,O=C(NNC(=S)Nc1c2ccccc2nc2ccccc12)c1ccncc1,0
377,CHEMBL1365591,O=C(CCC(=O)N1CC2C[C@@H](C1)Cn1c2cccc1=O)NCCc1ccccc1F,0
378,CHEMBL3188818,O=C(NCc1cccnc1)c1coc(=O)c(Br)c1,0
379,CHEMBL328579,CC(=O)C1=C(O)S/C(=C\c2ccc(C(F)(F)F)cc2)C1=O,0
380,CHEMBL1886855,COc1cccc(NC(=O)C2(S(=O)(=O)c3ccc(Cl)cc3)CC2)c1,0
381,CHEMBL403945,O=c1ccn([C@@H]2O[C@H](COP(=O)(O)O)[C@@H](O)[C@@H]2F)c(=O)[nH]1,0
382,CHEMBL4070858,COc1ccc(-n2nc(-n3cnnn3)c3c2C(=O)N(c2ccc(N4CCCCC4=O)cc2)CC3)cc1,0
383,CHEMBL3681435,CCNC(=O)c1ccc(OCc2c(-c3ccccc3)noc2C(F)(F)F)nc1,0
384,CHEMBL3958035,CN(C(=O)c1cnn(C)c1C(=O)Nc1ccc2nc(N3CCOCC3)nn2c1)C1CC1,0
385,CHEMBL2179641,O=C1c2ccc(OCc3cccc(-c4ccc(C(F)(F)F)cc4F)c3)cc2CN1C1CCCC1,0
386,CHEMBL138205,O=C(Nc1cccc(C(c2c(O)oc3c(c2=O)CCCCCC3)C2CC2)c1)c1ccc(F)cc1,0
387,CHEMBL3702606,Cc1ccc(NC(=O)c2cccc(N3CCc4nc(N)ncc4C3)c2)cc1,0
388,CHEMBL159611,CCCCCCC(C)(C)c1cc(O)c2c(c1)OC(C)(C)C1CC=C(C)CC21,0
389,CHEMBL2134585,O=C1c2cccc3c2N(CCC3)C(=O)C1(F)c1ccccc1,0
390,CHEMBL367904,N=C(S)CCN1N=C(c2ccc(Cl)cc2)CCC1=O,0
391,CHEMBL2347220,CCOC(=O)/C(C#N)=C\Nc1ccc2ncnc(Nc3cccc(Br)c3)c2c1,0
392,CHEMBL2178036,O/N=C(\CSc1cccc(Cl)c1)c1cc(Cl)sc1Cl,0
393,CHEMBL315552,COc1cc2c(c(OC)c1OC)-c1ccc(=O)c(OC)cc1[C@@H](N(C)C=O)CC2,0
394,CHEMBL185257,O=C(O)C(=O)CC(=O)c1ccc(-c2ccccc2Cl)o1,0
395,CHEMBL4109842,O=C1NC(=O)/C(=C/c2cnn3c(NC4CC4)cc(N[C@@H]4CCc5ccccc54)nc23)N1,0
396,CHEMBL3765273,O=C(NCCCN1CCN(c2cccc(Cl)c2)CC1)c1ccncc1,0
397,CHEMBL3799423,CCc1cc(-c2noc(-c3cc(C)nc(CN(C)C)c3)n2)cc(C)c1OC[C@@H](O)CNC(=O)CO,0
398,CHEMBL3972477,O=S(=O)(c1ccc(-c2ccc3ncccc3c2)cc1)N1CCOCC1,0
399,CHEMBL26519,OCCc1ccccc1Oc1ccc(Cl)cc1Cl,0
400,CHEMBL3556112,O=C1CC2(CCN(Cc3ccncc3)C2)CN1c1ccc2c(c1)OCO2,0
401,CHEMBL3317468,Fc1ccccc1Cn1cnc2c1ncn1cnnc21,0
402,CHEMBL229253,C=Cc1c(-c2ccccc2)nn(C)c(=O)c1NC,0
403,CHEMBL3291077,COc1cc2c3c(cccc3n1)CN(CCCN1CCCCC1)C2=O,0
404,CHEMBL110740,COc1cc(CCCCc2ccccc2)ccc1CCN,0
405,CHEMBL549655,CNc1nc2ccccc2n2c(-c3ccccc3OC)cnc12,0
406,CHEMBL350515,O=C(c1ccc(-c2ccc(Cl)cc2)o1)N1CCc2c([nH]c3ccccc23)C1c1ccc2c(c1)OCO2,0
407,CHEMBL3930952,CC1(C(=O)N2CCc3c(c(-c4cccc(C#N)c4)nn3Cc3ccc(F)cc3F)C2)COC1,0
408,CHEMBL31372,O=C(O)CCCC(=O)N1CCC(CCCC2CCNCC2)CC1,0
409,CHEMBL3763375,CCc1ccc2[nH]c3c(C)ccc(F)c3c2c1,0
410,CHEMBL508106,CN(C)c1nc(C#N)nc(N(C)C)c1N,0
411,CHEMBL452276,Cc1cccc(Cl)c1NC(=O)Nc1cc2ccccc2cc1C(=O)N[C@@H](C)C(=O)O,0
412,CHEMBL1727496,CCCc1cc(O)nc(SCC(=O)Nc2ccc(S(=O)(=O)N3CCCC3)cc2)n1,0
413,CHEMBL3680603,Cc1ccc2ccnc(Nc3cccc(CNc4ncnc5c(C(N)=O)cccc45)c3)c2c1,0
414,CHEMBL3925945,COc1ccc2nc(NC3=NC4(CO3)CN3CCC4CC3)sc2c1,0
415,CHEMBL4126819,Cc1noc(C)c1-c1cc(O)cc(CN2CCN(C)CC2)c1,0
416,CHEMBL3923200,Nc1ncc(-c2cn[nH]c2)cc1C(=O)Nc1ccncc1,0
417,CHEMBL3758897,CCOC(=O)c1c(CSc2ccc(Cl)c(Cl)c2)[nH]c2c1cc(O)c1ccccc12,0
418,CHEMBL1427470,COC(C(=O)Nc1ccc(C(N)=O)cc1)c1ccccc1,0
419,CHEMBL473063,Cc1ccc(C(=O)N[C@H]2C(C)(C)[C@@H]3CC[C@@]2(C)C3)cc1S(=O)(=O)N1CCOCC1,0
420,CHEMBL1593911,COc1ccc(Br)c2c1-c1nc(NC(=O)c3ccccc3F)sc1C2,0
421,CHEMBL1858254,Fc1ccc(-c2cc3nc(-c4ccccc4)cc(NCCCn4ccnc4)n3n2)cc1,0
422,CHEMBL22432,CCN1CC=C2C(=C(c3ccccc3)c3ccccc32)C1,0
423,CHEMBL3113472,COC(=O)c1cc(-c2ccccc2)c(C(=O)OC)c(-c2ccc3ccccc3n2)n1,0
424,CHEMBL1796104,COc1ccccc1NC(=O)N1CCCCN1C(=O)[C@H](CC1CCCC1)CN(O)C=O,0
425,CHEMBL1444461,CC(C)C(NC(=O)c1ccccc1F)C(=O)NCc1ccc(F)cc1,0
426,CHEMBL1861319,Cc1cc(C)cc(Oc2ccc(/C(=N/O)N3CC3C)cn2)c1,0
427,CHEMBL1698723,O=C(/C=C/c1ccc([N+](=O)[O-])cc1)OCC(=O)c1ccc[nH]1,0
428,CHEMBL3952906,C/C=C(/C)c1cn2c(-c3ccc(C(=O)NC4CC4)cc3)cnc2c(NCC(C)C)n1,0
429,CHEMBL3218246,CC(C)(C)OC(=O)NC1CCN(C2CCC3(CC2)OOC2(OO3)C3CC4CC(C3)CC2C4)CC1,0
430,CHEMBL525732,CCCCc1ccc(-c2ccc3c4c([nH]c3c2F)-c2ccc(C(=O)O)cc2C4(C)C)cc1,0
431,CHEMBL2063521,C#CCOc1ccc(/C=C2\C=C(CC(=O)O)c3cc(F)ccc32)cc1OCC,0
432,CHEMBL3785812,CC(C)(C)c1ccc(-c2nnc(Nc3ccc(Br)cc3)s2)cc1,0
433,CHEMBL3940407,COCc1ncc(Cc2ccc3cccc(OCCO)c3n2)c2cc(OC)c(OC)cc12,0
434,CHEMBL66918,Cc1ccc(Cn2c(N3CCNCC3)nc3ccccc32)cc1,0
435,CHEMBL278680,CC(C(=O)Nc1ccc(CCCC(=O)O)cc1)c1ccccc1,0
436,CHEMBL3331388,O=c1oc2ccccc2n1CCCCCCCN1CCN(c2ccccc2)CC1,0
437,CHEMBL3663008,Cc1cc(-c2n[nH]c3cc(NC(=O)N[C@@H](c4ccccc4)[C@H]4CCCO4)ncc23)ccn1,0
438,CHEMBL450691,C=C(C)[C@@H]1C(=O)C=C(C)[C@]2(O)CC[C@H](C)C[C@@H]12,0
439,CHEMBL591702,O=C1NC(=O)/C(=C/c2ccc(-c3ccccc3[N+](=O)[O-])o2)S1,0
440,CHEMBL2287141,CCCCC[C@@H]1CCCCC[C@@H]2CC(=O)[C@H](CCC(=O)O1)O2,0
441,CHEMBL260714,CC(C)=CCC/C(C)=C/CC(CC=C(C)C)(P(=O)(O)O)P(=O)(O)O,0
442,CHEMBL187762,Cc1nc2c(c(CO)nn2-c2c(Cl)cc(Cl)cc2Cl)c(=O)[nH]1,0
443,CHEMBL404865,CN1CCc2cc(O)cc3c2C1Cc1ccccc1C3,0
444,CHEMBL3248641,COc1ccc(Cl)c2c1CCC(CN1CCC(C(=O)NC3CCCCC3)CC1)=C2,0
445,CHEMBL2338458,COc1oc(=O)c2cc(NC(=O)C(C)(C)C)ccc2c1Cl,0
446,CHEMBL3661495,CC(C)n1cc(C(=O)c2cncc(NC(=O)Cn3cc4cccc(F)c4n3)c2)c2cncnc21,0
447,CHEMBL1929125,NC(=S)N/N=C/c1c(-c2ccc(O)cc2)[nH]c2ccccc12,0
448,CHEMBL1766101,Cc1cc(C)cc(-c2cnc3cc(Cl)c(-c4cnn(C)c4)cc3c2OCC[C@@H]2CCCCN2)c1,0
449,CHEMBL1872139,CC(Sc1nnc(C2CC2)n1C1CC1)C(=O)N(C)C1(C#N)CCCCC1,0
450,CHEMBL341493,Cc1cccc(C)c1N1CCN(Cc2nc3ccccc3[nH]2)CC1,0
451,CHEMBL4162379,COC(=O)c1c([C@H]2[C@@H](C(C)C)CC[C@@]2(C)CC(=O)O)cc(C)c(Br)c1O,0
452,CHEMBL3556033,Cc1ccc(CN2CCC(F)(F)C3(CCN(c4cnccn4)C3)C2)o1,0
453,CHEMBL3671866,O=C(O)CNC(=O)c1ncc2c(cc(Cc3ccccc3)c(=O)n2Cc2ccccc2)c1O,0
454,CHEMBL2377858,C=CCNc1nc(N)c(C(=O)c2ccc(OC)cc2)s1,0
455,CHEMBL3359359,Clc1ccc(-c2csc3nc(-c4ccccc4)cn23)cc1,0
456,CHEMBL475718,CCC[C@@]1(CC(=O)O)OCCc2c1[nH]c1c(Cl)ccc(CC)c21,0
457,CHEMBL3246632,COc1ccc(Nc2cc(C)nc3ccc4nc(C)[nH]c4c23)cc1,0
458,CHEMBL3553617,CCN1CC[C@@]2(C(=O)N3CCCC3)CCN(S(C)(=O)=O)CC[C@@H]12,0
459,CHEMBL176539,C#CCN1C(=O)C2CC2(c2ccc(N)cc2)C1=O,0
460,CHEMBL3901346,O=C(c1ccccc1-n1nccn1)N1CCOC[C@H]1Cc1cccc(-n2nccn2)c1,0
461,CHEMBL575762,COc1ccccc1N1CCN(CCCCN2C(=O)c3cccc4c(N)ccc(c34)C2=O)CC1,0
462,CHEMBL3658636,Cc1cc(-c2n[nH]c3cc(NC(=O)N[C@@H]4CCOc5cc(C#N)ccc54)ncc23)ccn1,0
463,CHEMBL1413370,CN[C@@H](C)C(=O)N[C@H](C(=O)N[C@H](C(=O)NC1CCc2ccccc2C1)C(C)C)C(C)C.O=CO,0
464,CHEMBL1895898,CCc1nn(C(C)C(=O)N2CC(C)CC(C)C2)c(=O)c2cc3occc3n12,0
465,CHEMBL253840,O=C(Nc1ccc2c(c1)CCC2)c1ccc(OC(F)(F)F)cc1,0
466,CHEMBL451998,CCO[C@@]1(C(C)C)C=C2[C@H](O)C[C@H]3[C@](C)(C(=O)OC)CCC[C@]3(C)[C@H]2CC1,0
467,CHEMBL1723029,O=C(COc1ccccc1Cl)Nc1nnc(-c2ccc3ccccc3c2)o1,0
468,CHEMBL3741409,Cc1ccc(NC(=O)Nc2ccc(OC[C@@]3(C)Cn4cc([N+](=O)[O-])nc4O3)cc2)cc1,0
469,CHEMBL3935390,[C-]#[N+]c1ccccc1CN1C(=O)N(c2cnn(Cc3c(C)noc3C)c2)C(=O)C1(C)C,0
470,CHEMBL267415,Nc1nc2ccccc2c2nc(-c3ccco3)nn12,0
471,CHEMBL126027,O=C(c1ccccc1)c1c(-c2ccccc2)nnc2c1C(=O)c1ccccc1-2,0
472,CHEMBL1521957,CC(NC(=O)C1CCCCC1)C(=O)NC1=NCCS1,0
473,CHEMBL3675700,[C-]#[N+]c1cccc(Cl)c1-c1nc2ccnc(Nc3cc(CO)nc(C)n3)c2s1,0
474,CHEMBL487100,O=C1CSC(c2c(Cl)cccc2Cl)N1c1ncccn1,0
475,CHEMBL448393,COC(=O)CCCc1ccc(Cn2cc(Cl)c(=O)[nH]c2=O)cc1,0
476,CHEMBL52618,CC(C)=CCCC1=CCC2=C(C1)C(=O)c1ccccc1C2=O,0
477,CHEMBL1433502,CC(C)c1ccc(OC(=O)c2cc(-c3ccc(Cl)cc3)on2)cc1,0
478,CHEMBL1310547,COc1ccc(CCNC(=O)CSc2ccc(Br)cc2)cc1OC,0
479,CHEMBL229298,O=C(Nc1ccc(O)cc1)c1cc([N+](=O)[O-])ccc1Cl,0
480,CHEMBL194167,COc1ccc(Cl)cc1-c1cc(Nc2ccc(C)cc2)cc(N)n1,0
481,CHEMBL1903429,CC(=O)Nc1cc([N+](=O)[O-])cc(NC(C)=O)c1NC(C)=O,0
482,CHEMBL3604233,CCC(C)NC(=O)c1nc(-c2ccccc2[N+](=O)[O-])cnc1N,0
483,CHEMBL1331815,CCOC(=O)N1CCC(NC(=O)Cn2nc(-c3ccccc3)ccc2=O)CC1,0
484,CHEMBL85254,Cc1c(C)n([C@@H](C)c2ccccc2)c2nc(-c3ccc(Cl)cc3)nc(N)c12,0
485,CHEMBL2253403,COP(=O)(OC)C(OC(=O)COc1ccc(F)cc1)C(Cl)(Cl)Cl,0
486,CHEMBL75916,CCCCN(Cc1ccccc1)C(=O)Nc1cc(Cl)ccc1O,0
487,CHEMBL1823224,Nc1ccc(S(=O)(=O)N(COC(=O)c2ccccc2)c2cncs2)cc1,0
488,CHEMBL4293579,COCC(=O)N1CCN(Cc2c(-c3ccc(Cl)cc3)nc3ccc(N)cn23)CC1,0
489,CHEMBL1223813,CCCCOCCC12CC3CC(C1)CC(CCOP(=O)([O-])OCC[N+](C)(C)C)(C3)C2,0
490,CHEMBL131103,CN(CCOc1ccc(CC2SC(=O)NC2=O)cc1)c1ccc(Cl)cn1,0
491,CHEMBL3692371,CC(O)(C#Cc1cc2c(cc1F)OCCn1cc(C(N)=O)nc1-2)c1cncnc1,0
492,CHEMBL22406,CC(C)c1cccc(C(C)C)c1NS(=O)(=O)NC(=O)N(Cc1ccccc1)Cc1ccccc1,0
493,CHEMBL3214131,COc1ccccc1CNC(=O)C1CCC(CNc2c(N3CCC(C)CC3)c(=O)c2=O)CC1,0
494,CHEMBL64633,CCCCCCNC(=O)Oc1ccc2c(c1)C1(C)CCN(CC)C2C1,0
495,CHEMBL1328642,O=C(COC(=O)CSc1ccc([N+](=O)[O-])cc1)NCCC1=CCCCC1,0
496,CHEMBL2334516,O=C(/C=C/C(=O)c1cccc2c1CCCC2)NCc1ccccc1,0
497,CHEMBL3974770,Cc1cc(Nc2nccc(C(F)(F)F)n2)cc(-c2cccc(S(=O)(=O)Nc3cccnc3)c2)c1,0
498,CHEMBL305375,CN(C(=O)c1ccccc1)c1cc(C(=O)NC2CCCCC2)ccc1-c1ccc(F)cc1,0
499,CHEMBL2088831,CCn1nc(-c2ccnc(Nc3cccc([N+](=O)[O-])c3)n2)c2ccccc21,0
500,CHEMBL1422354,Cc1cc(NC(=O)CCC(=O)N(c2cccc(F)c2)C(C(=O)NC2CCCC2)c2ccncc2)no1,0
501,CHEMBL1834703,Cn1cc2c(nc(NC(=O)Nc3ccccc3)n3nc(-c4ccc(-c5ccco5)cc4)nc23)n1,0
502,CHEMBL297284,Cc1oc2ccc3c(C)cc(=O)oc3c2c1CN1C(=O)c2ccccc2C1=O,0
503,CHEMBL1900159,CCc1nc2ccc(C(=O)NCCc3ccccn3)cn2c1N(C)Cc1nccs1,0
504,CHEMBL1881927,O=C1CCCN1C(=O)COc1cc(F)ccc1[N+](=O)[O-],0
505,CHEMBL1683956,CCc1ncnc(Nc2ccc(OCc3cccc(F)c3)c(Cl)c2)c1C,0
506,CHEMBL3235170,Cc1ccc(C(=O)CN(/C=C/C(=O)C(F)(F)F)c2ccc(S(N)(=O)=O)cc2)cc1,0
507,CHEMBL3809218,CCOC(=O)c1ccc(NC2CCN(c3nnc(Cc4ccccc4)c4ccccc34)C2)nc1,0
508,CHEMBL4089347,C#Cc1cccc(Nc2ncnc3ccc(-c4ccc(CO)o4)cc23)c1,0
509,CHEMBL3913704,Cc1ccc(-c2noc(C3CC4(CC(=O)C4)C3)n2)cc1NC(=O)c1cnc2ccccn12,0
510,CHEMBL22142,Cc1cc(C(c2ccc(C(C)C)cc2)C2CCN(C)CC2)sn1,0
511,CHEMBL1861695,Cc1ccc(/C(=N/O)NC2CCCCC2)c(Oc2c(F)cccc2F)n1,0
512,CHEMBL1889788,O=C(NCc1ccc(F)cc1)C1CCN(S(=O)(=O)c2ccc(N3CCCC3=O)cc2)CC1,0
513,CHEMBL104024,CC1=C[C@]2(CC1)[C@@H](C)CC[C@@H](C(C)C)[C@H]2NC=O,0
514,CHEMBL554115,O=C(O)c1n[nH]c2c1CC(c1c(F)cccc1F)CC2,0
515,CHEMBL3337682,O=S(=O)(c1ccc(OC(F)(F)F)cc1)N1CCCc2cc(-c3cccnc3)ccc21,0
516,CHEMBL492560,O=S(=O)(Cc1ccc(F)cc1)Nc1ccc2c(c1)CCNCC2,0
517,CHEMBL358917,O=c1[nH]c(=O)n(C2=COCCS2)cc1F,0
518,CHEMBL1510813,CCc1nc(SCC(=O)NCCc2ccccc2)c2c(=O)n(C)c(=O)n(C)c2n1,0
519,CHEMBL3697170,NC(=O)c1ccccc1-c1ccc(-c2cnc(N)cn2)c(F)c1,0
520,CHEMBL4167602,COc1cc(O)c(C/C=C(\C)CCC=C(C)C)c(-c2cc3ccc(O)cc3o2)c1CC=C(C)C,0
521,CHEMBL1491430,COc1ccccc1C(=O)NC(=O)COc1ccc(Cl)cc1Cl,0
522,CHEMBL1934549,CC(C)Oc1ccc(-c2nc3c4cccnc4c4ncccc4c3[nH]2)cc1,0
523,CHEMBL3964181,CC(C)(CO)NC(=O)C1CCN(Cc2cccc(NC(=O)c3cccc(C(F)(F)F)n3)c2)CC1,0
524,CHEMBL1871158,O=C(NC1CCCCC1)C1CCC(CNS(=O)(=O)c2ccccc2)CC1,0
525,CHEMBL1604767,O=C(CSc1nnc(-c2ccco2)n1-c1ccccc1)NCC1CCCO1,0
526,CHEMBL595028,Cc1occc1C(=O)N[C@H](Cc1nc2ccccc2[nH]1)C(=O)O,0
527,CHEMBL2131508,COc1ccc(-c2cc3nc(C)c(C)c(N4CCN(C(=O)c5ccsc5)CC4)n3n2)cc1,0
528,CHEMBL1333041,Cc1cc(C)c(C)c(OCC(=O)NCC2CCCO2)c1,0
529,CHEMBL3934302,COc1ccc(CCOC(=O)Cc2cccc(SCc3ccccc3C(=O)O)c2)cc1OC,0
530,CHEMBL3126733,CCCCNCCSC(c1ccccc1)c1ccccc1,0
531,CHEMBL3109616,Cc1[nH]c2ccccc2c1C(c1ccccc1Cl)c1c(C)[nH]c2ccccc12,0
532,CHEMBL1087447,O=P1(O)OC(c2ccccc2)=Cc2ccccc21,0
533,CHEMBL3597583,Cc1[nH]c(/C=C2\C(=O)Nc3ncc(Br)cc32)c(C)c1C(=O)NC1CC1,0
534,CHEMBL1504644,OC1C2CN3CN(C2)CC1(c1ccccc1)C3,0
535,CHEMBL3422578,CN1C[C@@H]2C[C@H]1CN2CCCCNC(=O)c1ccc(-c2ccccc2)cc1,0
536,CHEMBL248518,CSC(=S)N1/C(=N/c2ccccc2C(C)C)SCCC1C,0
537,CHEMBL1717614,O=C(Nc1ccccc1C(F)(F)F)N1CCN(c2ccc3nncn3n2)CC1,0
538,CHEMBL117141,CCOC(=O)Cc1nc(-c2ccc(Cl)cc2)oc1-c1ccccc1,0
539,CHEMBL231062,CCCc1cc2c(cc1OS(N)(=O)=O)CC[C@@H]1[C@@H]2CC[C@]2(C)[C@@H](OC(N)=O)CC[C@@H]12,0
540,CHEMBL1668989,O=C(Nc1ccccc1)c1cc2cccnc2[nH]1,0
541,CHEMBL1886511,N#CCCN(C(=O)COC(=O)c1ccc2c(c1)OCCO2)c1ccccc1,0
542,CHEMBL300128,CCCCCCN(CCCCCC)C(=O)C(=O)c1c(-c2ccccc2)[nH]c2ccc(Cl)cc12,0
543,CHEMBL497445,COc1cc(-c2ccccc2O[C@@H]2O[C@H](CO)[C@@H](O)[C@H](O)[C@H]2O)cc(OC)c1O,0
544,CHEMBL1488313,NCc1cc(S(=O)(=O)Nc2cc(O)cc3cccnc23)ccc1F,0
545,CHEMBL2144019,CN(C)c1ccc(CC(=O)N2CCCCC2c2cc(C(=O)Nc3cccc4c3CCCC4)no2)cc1,0
546,CHEMBL86465,COC(=O)[C@]12CCCN1C(=O)[C@H](NC(=O)OC(C)(C)C)CC2,0
547,CHEMBL3548564,CCC(CN1CCN(C)CC1)NC(=O)C1(c2cccc(F)c2)CC1,0
548,CHEMBL253345,CCc1cc2cc(C(=O)C3CCC(OC)CC3)ccc2nc1C,0
549,CHEMBL3645561,CCC(C)Nc1ncc(C#Cc2csc(C)n2)cn1,0
550,CHEMBL3578307,OCC(CO)(CO)NCC(O)Cn1ccc2cc(Cl)ccc21,0
551,CHEMBL4085676,O=C1CCCc2nc(N3CCN(c4cccc(C(F)(F)F)c4)CC3)ncc21,0
552,CHEMBL1241647,Cc1nc2ccccc2n1Cc1ccc(C(=O)NN2C(=O)[C@H]3C4C=CC(C5CC54)[C@H]3C2=O)cc1,0
553,CHEMBL341291,O=C1NC(Oc2ccc(F)cc2)CN(c2ccccc2)N1,0
554,CHEMBL29239,NCCO.O=C(O)c1cc(O)c2c(n1)-c1ccccc1SC2,0
555,CHEMBL3982883,CCOc1cc(OCC2CO2)cc2oc3ccccc3c(=O)c12,0
556,CHEMBL175216,Cc1ccc(C(=O)Nc2ccc(CCc3ccc(O)c(O)c3)cc2)c(O)c1,0
557,CHEMBL1945796,O=c1[nH]c2ncc(-c3ccc(CO)cc3)nc2n1CC1CCCCC1,0
558,CHEMBL317980,Cc1occc1/C(S)=N\c1ccc(Cl)c(C(=O)OC2CCCCC2)c1,0
559,CHEMBL3939371,CC1(C)c2cc(CC3CCN(S(N)(=O)=O)CC3)ccc2C(=O)c2c1[nH]c1cc(C#N)ccc21,0
560,CHEMBL2075007,COC(=O)[C@@H](CSCc1ccccc1)NC(C)=O,0
561,CHEMBL2380344,COc1ccccc1-c1cnc(Nc2ccc3[nH]ncc3c2)o1,0
562,CHEMBL505018,Nc1ccc(-c2cnc3c(Br)cnn3c2N)cc1,0
563,CHEMBL1887936,Cc1csc(NC(=O)CSc2nnc(C)n2Cc2ccco2)n1,0
564,CHEMBL368912,CC1=C[C@H]2Cc3nc(O)ccc3[C@@]3(C1)[C@@H]2CCCN3CCN(C)CCCc1ccccc1,0
565,CHEMBL4126821,Cc1cc(N2CCC(c3ccccc3F)CC2)cc(C)c1NC(=O)CC(C)(C)C,0
566,CHEMBL4226051,CCS(=O)(=O)c1cccc(-c2cn(C)c(=O)c3ccccc23)c1,0
567,CHEMBL111735,COc1cccc2c(Sc3ccc(CO)cc3)c3ccccc3nc12,0
568,CHEMBL4290749,CCC1Cc2cc(OCc3ccccc3)c(OC)cc2-c2cc(=O)c(C(=O)NC)cn21,0
569,CHEMBL1727048,Clc1ncccc1/N=c1\ssnc1Cl,0
570,CHEMBL2313064,C=C(C)[C@@H]1CC[C@@H](C)[C@H](O)CC[C@H](C)CC(=O)C[C@@H](C)[C@H](O)C1,0
571,CHEMBL3931801,Cc1ccccc1NCc1cccc(CNc2ccccc2C)n1,0
572,CHEMBL10702,CCNCCC(c1ccccc1)c1ccccc1,0
573,CHEMBL347523,CCC(O)CN(C(=O)CCCCOc1ccc2c(c1)CCC(=O)N2)c1ccccc1,0
574,CHEMBL1770754,CCCc1cc(NC)c2cc(C(=O)NCCc3ccc(Cl)cc3)ccc2n1,0
575,CHEMBL3805778,NC(=O)c1cncc(OCc2cccc(NC(=O)c3c[nH]c4ccccc34)c2)c1,0
576,CHEMBL2136194,O=C(NCCc1ccccc1)c1ccc(S(=O)(=O)N2CCCCC2)cc1,0
577,CHEMBL3894513,CC(C)Oc1ccc(Nc2nc(=O)n(C(C)C)c(=O)n2Cc2ccc(Cl)cc2)cc1,0
578,CHEMBL3681437,O=C(NCC1CC1)c1ccc(OCc2c(-c3ccccc3)noc2C(F)(F)F)nc1,0
579,CHEMBL2236457,N#Cc1c(-c2ccc(Br)cc2)nc(SCC2CCCCO2)[nH]c1=O,0
580,CHEMBL64798,O=C1Cc2c(OCCNCc3ccc(-c4ccccc4)cc3)ccc(F)c2N1,0
581,CHEMBL2230135,Clc1ccc(SSc2nc[nH]n2)cc1,0
582,CHEMBL3127897,Cc1cn(-c2ccc3c(=O)n(Cc4cccc(C(F)(F)F)c4)ccc3c2O)cn1,0
583,CHEMBL1528490,COC(=O)N1[C@H](C)C=C[C@]1(Cc1ccccc1)C(=O)OC,0
584,CHEMBL3956851,O=C(NCc1ccc(-c2ccncc2)cc1)c1ccc2c(c1)[nH]c1ccccc12,0
585,CHEMBL2063047,CCCCNCc1c[nH]c(=O)nc1NCc1ccco1,0
586,CHEMBL1387078,O=S(=O)(c1cccc(-c2nnco2)c1)N1CCCC1,0
587,CHEMBL2234136,O=C(N/N=C(\C=C\c1ccc(O)cc1)c1cc(O)ccc1O)Nc1ccc(Br)cc1,0
588,CHEMBL4111421,CC[C@@H](NC(=O)c1cc(C(=O)NC(C)c2nnn(CC)n2)n2c1COCC2)c1ccccc1,0
589,CHEMBL1860159,CCOc1cccc(-c2nc(CN3CC=CCC3)co2)c1,0
590,CHEMBL3680260,CC(=O)N[C@@H](C)c1ccc(C2CN(c3ncc(C(F)(F)F)cn3)C2)cc1,0
591,CHEMBL3663664,NC(=O)C12CC3CC(C1)C(NC(=O)CN1CCCN(c4ccccc4)S1(=O)=O)C(C3)C2,0
592,CHEMBL1882671,CC1(C(=O)NCc2ccccc2)CCC(=O)N1CCOc1ccccc1,0
593,CHEMBL1255096,CC1(Cc2ccccc2)CC(S(=O)(=O)c2ccccc2)=C(c2ccc(/C(N)=N/O)cc2)O1,0
594,CHEMBL356324,N#C/C(=C\c1ccc(O)c(O)c1)S(=O)(=O)/C(C#N)=C/c1ccc(O)c(O)c1,0
595,CHEMBL584749,Nc1cccc2c1nc(-c1ccc(P(=O)(O)O)o1)n2Cc1ccccc1,0
596,CHEMBL155043,CC(C)=CCC/C(C)=C/CC/C(C)=C/CSCCC(=O)CCl,0
597,CHEMBL2332260,COc1ccc(N(C)C(=O)Cn2c(=O)n3c4c(cc(-c5ccccc5)cc42)CCC3)cc1,0
598,CHEMBL4212410,Cc1ccc(NC(=O)Nc2cc(-c3ccccc3C(=O)O)ccc2Oc2ccccc2C(C)(C)C)cc1,0
599,CHEMBL1502135,O=C1CCCN1CCCNC(=S)Nc1cccc2ccccc12,0
600,CHEMBL1894692,CCCc1cc(O)nc(SCC(=O)N2CCCCCC2)n1,0
601,CHEMBL4281159,CC(C)COc1cc(Cl)ccc1COc1ccnn1-c1cc(C(=O)O)ccn1,0
602,CHEMBL1378378,Cc1ccc(N2C(=O)NC(NC(=O)C(C)(C)C)(C(F)(F)F)C2=O)cc1C,0
603,CHEMBL3890978,CN1C(c2ccc(F)cc2)c2cc(Br)c3cccnc3c2NS1(=O)=O,0
604,CHEMBL3661395,CC(C)c1ccc(NC(=O)NCCc2ccccc2)cc1,0
605,CHEMBL3771014,Cc1cc(C)nc(SCC(=O)N(C)c2ncc(Cc3cccc4ccccc34)s2)n1,0
606,CHEMBL2377817,Nc1nc(Nc2ccc(S(N)(=O)=O)cc2)sc1C(=O)c1cccc(C(F)(F)F)c1,0
607,CHEMBL3930099,Cc1ccc(-n2nccn2)c(C(=O)N2CCCOC2Cc2noc(-c3ccc(F)cc3)n2)c1,0
608,CHEMBL571045,CC1(C)OC(=O)C2(C(=O)O1)[C@H](c1ccccc1)CC(=O)C[C@@H]2c1ccc(-c2ccc(CO)cc2)cc1,0
609,CHEMBL341014,CC(C)C[C@H](NC(=O)OCc1ccccc1)C(=O)N[C@H](C=O)Cc1ccccc1,0
610,CHEMBL4173947,NS(=O)(=O)c1ccc(-n2cc(C(=O)c3ccco3)nn2)cc1,0
611,CHEMBL3410893,N=C1S/C(=C\c2ccc(OCc3ccccc3)cc2)C(=O)N1c1ccc(Br)cc1,0
612,CHEMBL2402447,C[C@@]1(C(=O)O)CCC[C@]2(C)[C@@H]1CC[C@@]13C[C@H](C[C@H](O)[C@@H]21)[C@]1(CO1)[C@H]3O,0
613,CHEMBL3125233,O=C(Nc1ccc(Cl)cc1)c1c(NO)cc(-c2ccccc2)oc1=O,0
614,CHEMBL4161152,CC1=C(C=O)CC[C@@]2(C)C1=CC(=O)c1c(O)c3c(c(O)c12)O[C@@H](C)C3,0
615,CHEMBL135007,O=C(NO)N/N=C/c1cc(Br)cc(Br)c1O,0
616,CHEMBL293544,CSc1ccc(Oc2ccc(-n3ncc(=O)[nH]c3=O)cc2C)cc1,0
617,CHEMBL245533,CCOC(=O)N1CCC(Nc2ncc(Cl)c(-c3c[nH]c4ccccc34)n2)CC1,0
618,CHEMBL8998,O=C1c2ccccc2C(=O)N1CCn1ccc(=O)[nH]c1=O,0
619,CHEMBL2356928,Cn1c(=O)c2cc(NC(=O)CCc3cccnc3)ccc2n1Cc1ccc(F)cc1,0
620,CHEMBL1389148,CCOc1ccc(S(=O)(=O)N(CC(=O)NCc2cccnc2)c2ccc(C)cc2)cc1,0
621,CHEMBL1866545,CCOC(=O)c1ccc2c(c1)N(CC(=O)Nc1ccc(C)cc1C)C(=O)c1ccccc1S2,0
622,CHEMBL135144,O=C(O)CN/N=c1\n(Cc2ccc(Cl)cc2)c2ccccc2n1C(=O)C(=O)O,0
623,CHEMBL1523584,Cc1ccc(NC(=O)Cn2c(=O)n(CCc3ccccc3)c(=O)c3sc4ccccc4c32)cc1C,0
624,CHEMBL3927627,COc1cccc(OC)c1C1CCCC(=O)N1Cc1ccc2c(c1)OCO2,0
625,CHEMBL2047605,Cc1ccc(-c2nn(-c3ccccc3)cc2/C=C\C(=O)Nc2ccccc2)cc1,0
626,CHEMBL3937957,N[C@@H](CNC(=O)Nc1cccc(C(=O)O)c1O)C(=O)O,0
627,CHEMBL4166495,O=C(O)c1cccc(Nc2nc(-c3ccccc3)nc3ccc([N+](=O)[O-])cc23)c1,0
628,CHEMBL3697630,O=C(O)c1ccc(NC(=O)c2ccc(C(F)(F)F)cc2Oc2ccc(F)cc2Cl)cc1,0
629,CHEMBL577379,N[C@H](COc1cncc(-c2ccc3c(c2)C(c2ccccc2)C(=O)N3)c1)Cc1c[nH]c2ccccc12,0
630,CHEMBL337964,COCOC(=O)Cc1cccc2c(=O)c([N+](=O)[O-])c(-c3ccccc3O)oc12,0
631,CHEMBL1915614,CC(=O)NC[C@@H]1OC(=O)N2c3ccc(-c4ccc(C(C)=O)cc4)cc3OC[C@@H]12,0
632,CHEMBL149114,O=C(O)Cc1ccc2c(c1)C(=O)[C@@H]1CCCC[C@@H]1CO2,0
633,CHEMBL1215495,CC(C)CN(NC(=O)c1cccc2c1-c1ccccc1C2=O)c1nc(C#N)ncc1Br,0
634,CHEMBL4098426,O=C(O)c1cccc2oc(-c3cc(F)cc(F)c3)nc12,0
635,CHEMBL3937773,Clc1nc(N2CCCC(Cn3ccnc3)C2)c2ccc(N3CCOCC3)cc2n1,0
636,CHEMBL398111,Cc1cn(COCCNC(=S)Nc2ccc(Cl)c(C(F)(F)F)c2)c(=O)[nH]c1=O,0
637,CHEMBL3901312,CS(=O)(=O)N1CC(N2CCc3c(-c4cnc(N)nc4)nc(N4CCOCC4)nc32)C1,0
638,CHEMBL1933267,CCCCCCCCCCCC(=O)c1c(C)c(CCC(=O)O)n(Cc2ccc(C)cc2)c1C,0
639,CHEMBL3310027,COc1ccc(/C=C/C(=N\NC(=O)c2ccc(OC)cc2)c2ccc(Cl)cc2)cc1,0
640,CHEMBL3676534,Cc1onc(-c2ccccc2F)c1COc1ccc(C(=O)NCC(F)(F)F)cn1,0
641,CHEMBL174993,CN(C)C(=O)[C@H](Cc1ccc(COc2ccccc2)cc1)NC(=O)C(=O)NO,0
642,CHEMBL1956658,Cn1c(=O)[nH]c2ncc(-c3cccc(C(=O)NCCO)c3)cc21,0
643,CHEMBL3676981,O=C(c1ccon1)N1CC2CNCC(C2)C1,0
644,CHEMBL1507009,CCc1ccccc1NC(=O)NC1CC2CCC(C1)N2Cc1ccco1,0
645,CHEMBL185547,Cc1ccc(-c2c(-c3ccc(S(N)(=O)=O)cc3)ccc(F)c2F)cc1Cl,0
646,CHEMBL3981044,COc1ccc(CC(=O)O)cc1-c1ccc(F)c2c1CN(C(=O)COc1ccccc1)CC2,0
647,CHEMBL3621261,COc1ccc(-c2ccc(N)[n+]([O-])c2C)cc1S(=O)(=O)NC1CCCC1,0
648,CHEMBL516165,O=[N+]([O-])OCCCNCCCCCCCCNc1c2c(nc3ccccc13)CCCC2,0
649,CHEMBL581051,O=C(/C=C/c1ccccc1Cl)Nc1ccc(Oc2ccc3ccccc3c2Cl)c(Cl)c1,0
650,CHEMBL2299026,CC1CCCC(C)N1CC#CCNC(=O)c1ccccc1C(=O)NCC#CCN1C(C)CCCC1C,0
651,CHEMBL3959064,O=C(c1cc(F)cc(F)c1)N1CCn2nc(COc3ccccc3)cc2C1,0
652,CHEMBL3343297,O=C(Nc1cc(-c2ccc(Br)cc2)[nH]n1)c1ccc(Cl)nc1,0
653,CHEMBL389220,O=C(CCC1CCCC1)N[C@@H](CO)C(O)c1ccccc1,0
654,CHEMBL3697774,Cc1ccc(C(=O)Nc2cccc(N(C)C)c2)cc1Nc1ncnc2cnc(N3CCN(C)CC3)nc12,0
655,CHEMBL1858679,C[C@@H]1C(NCc2coc(-c3cccs3)n2)C[C@H]2C[C@@H]1C2(C)C,0
656,CHEMBL3613842,C=Cc1c(C)nn(CCCCN2CCN(c3ccc(C)cc3)CC2)c(=O)c1N,0
657,CHEMBL2138984,CCCN(C(=O)COC(=O)CCC(=O)c1ccccc1)c1c(N)n(Cc2ccccc2)c(=O)[nH]c1=O,0
658,CHEMBL1861557,Cc1ccc(/C(=N/O)NCc2ccc(C)o2)c(OCc2ccccc2F)n1,0
659,CHEMBL459733,CN(C)c1nc(Nc2ccc(C(F)(F)F)cc2)c2nc(Nc3c(Cl)cccc3Cl)sc2n1,0
660,CHEMBL21839,COc1ccc(-c2ccc(C(=O)O)cc2)cc1O[C@H](C)CCCc1ccccc1,0
661,CHEMBL1715364,COc1ccc(Oc2c(-c3ccccc3)cnn(-c3ccc(C)cc3)c2=O)cc1,0
662,CHEMBL4159619,CCCC(=O)OC[C@H]1O[C@@H](Oc2cc(/C=C/c3ccc(OC)cc3)cc(OC)c2)[C@H](O)[C@@H](O)[C@@H]1O,0
663,CHEMBL2296562,CC(C)=CCOc1cc(OC=C(C)C)cc(O)c1C(=O)/C=C/c1ccc(Cl)cc1,0
664,CHEMBL216241,N=C(N)NCCC[C@@H](NC(=O)c1cc2ccccc2o1)C(=O)NCc1ccc(C(F)(F)F)cc1,0
665,CHEMBL1098894,CN1CCc2[nH]c3ccc(S(=O)(=O)c4cccc(F)c4)cc3c2C1,0
666,CHEMBL288034,NC(=O)[C@H](Cc1ccc(-c2ccccc2)cc1)NCP(=O)(O)O,0
667,CHEMBL21278,COc1ccc(CN(CCN(C)CCCCCCN)c2ccccn2)cc1,0
668,CHEMBL3555969,Cc1ccc(N2CC3(CCN(Cc4nccn4C)C3)CC2=O)s1,0
669,CHEMBL1938426,CC(=O)N1CCC2(CC1)CC(=O)c1cc(C(=O)NO)ccc1O2,0
670,CHEMBL3344226,Fc1ccc(Nc2nc(-c3ccc4ccccc4c3)cs2)cc1,0
671,CHEMBL3182894,NC(=O)C1CCN(C(=O)c2ccc(NS(=O)(=O)/C=C/c3ccccc3)cc2)CC1,0
672,CHEMBL289811,COc1cccc(CC(=O)NC(Cc2c[nH]c3ccccc23)CN(Cc2ccccc2OC)C(C)=O)c1,0
673,CHEMBL3209680,Cc1ccc(C)c(OCC(=O)N/N=C/c2c(C)nn(-c3ccccc3)c2Cl)c1,0
674,CHEMBL1642379,CCc1ccccc1/C(=C\CCN1CCC[C@@H](C(=O)O)C1)c1ccccc1,0
675,CHEMBL1879609,CSC1=NCCN1C(=O)Cc1ccc(Cl)cc1,0
676,CHEMBL245132,COc1cc(Br)c2c(c1)C(=O)N(c1ccc(O)cc1)C2=O,0
677,CHEMBL367611,CSCC(C)(O)C(=O)Nc1ccc([N+](=O)[O-])c(C(F)(F)F)c1,0
678,CHEMBL3677261,Fc1cc(Br)c(OC2CCN(c3nccnn3)CC2)cc1F,0
679,CHEMBL3186373,C/C=C/c1cccc(-c2nc(C(=O)N3CCN(C)CC3)cc3c2[C@@H](CCO)N(C(=O)NC(C)C)C3)c1,0
680,CHEMBL382358,c1cnc(NCc2cnccn2)c(-c2nnc(Nc3ccc4c(c3)OCO4)o2)c1,0
681,CHEMBL4168539,NCc1cccc(-c2cccc(NC(=O)Cc3ccccc3)c2)c1,0
682,CHEMBL1783413,O=C1NCC(=O)N(Cc2ccco2)[C@@H]1Cc1c[nH]cn1,0
683,CHEMBL145885,O=C(/C=C/c1cc(C(=O)c2ccccc2)cn1-c1ccccc1)NO,0
684,CHEMBL3903138,COc1cccc(OC)c1C1CC(C)C(=O)N1Cc1cccc(OC(F)F)c1,0
685,CHEMBL2094968,Cc1ccc(-c2cc(C(F)F)nc(SC3CC(=O)C4OCC3O4)n2)cc1,0
686,CHEMBL214703,CCC[C@@H]1NC(=O)[C@@H](C(C)C)NC(=O)[C@@H](C(C)C)NCCOc2ccccc2/C=C/CNC1=O,0
687,CHEMBL4129491,COc1ccc(C(=O)C2=C(O)C(=O)N(c3ccc(-c4noc(C)n4)cc3)C2C2CCCCC2)cc1,0
688,CHEMBL3236899,CC1(C)OB(c2cnn(C(=O)c3ccccc3)c2)OC1(C)C,0
689,CHEMBL31285,O=C1Nc2ccc(Cl)cc2C(C#CC2CC2)(C(F)(F)F)OC1CC(F)(F)F,0
690,CHEMBL66394,CCc1cccc2c1[S+]([O-])c1ccccc1O2,0
691,CHEMBL419611,CCn1c2c(c3ccc(O)cc31)CCc1ccc(O)cc1-2,0
692,CHEMBL370063,CNCCCC1(C)Cc2ccccc2N(c2cccc(C)c2)C1=O,0
693,CHEMBL2012471,CCC1CCCCN1CC(=O)N1N=C(C)CC1c1ccccc1O,0
694,CHEMBL1892497,CN(C)C(=O)CSc1nnc(-c2ccco2)n1-c1ccccc1,0
695,CHEMBL3896335,COc1cc(Nc2ccc(S(=O)(=O)NCc3ccncc3)c(C(F)(F)F)c2)cc(OC)c1,0
696,CHEMBL3355470,C[C@@H]1COCCN1c1nc(-c2cccc3[nH]ccc23)cc2nccn12,0
697,CHEMBL1350370,Cc1c(NC(=O)C2CCCCC2)cc(C(=O)N2CCOCC2)cc1[N+](=O)[O-],0
698,CHEMBL2180254,O=C(N[C@@H]1C2CCN(CC2)[C@H]1Cc1cccnc1)c1cc2cc(F)ccc2o1,0
699,CHEMBL1888230,C[C@H]1CN([C@@H](C)CO)C(=O)c2cc(Br)cnc2O[C@@H]1CN(C)C(=O)CN(C)C,0
700,CHEMBL4215528,CCOC(=O)OCCc1ccc(O)c(O)c1,0
701,CHEMBL1642922,N#Cc1ccc2oc(-c3ccc(NC(=O)COC4CCCC4)cc3)nc2c1,0
702,CHEMBL249718,O=C(C1CCCC1)n1c(-c2ccc3c(c2)CC(NS(=O)(=O)c2ccccc2)C3)cc2ccccc21,0
703,CHEMBL1098334,CNC(=S)NC(=O)C(CC1CCCC1)c1ccc(Cl)c(Cl)c1,0
704,CHEMBL1705611,Cc1ccc(C)c(N/C=C(\C#N)c2nc3ccccc3o2)c1,0
705,CHEMBL3919527,[C-]#[N+]c1c(F)cc([C@H]2CN3CCN(C(=O)Cc4ccc(-n5cnnn5)nc4)C[C@H]3CO2)cc1F,0
706,CHEMBL4160871,Cc1c(CC(=O)Nc2ccc(S(N)(=O)=O)cc2)c(=O)oc2cc3occ(-c4ccccc4)c3cc12,0
707,CHEMBL570695,Cc1ccc(CCCN2CCC(C(O)(c3ccccc3)c3ccccc3)CC2)cc1,0
708,CHEMBL1404134,C=CCN(C(=O)CNC(=O)c1ccco1)C(C(=O)NC1CCCCC1)c1ccc(OC)cc1,0
709,CHEMBL3403880,COc1ccc2c(c1)CC(=O)N2C(C(=O)NC1CCCCC1)c1ccccc1,0
710,CHEMBL3716538,COCC(C)NC(=O)c1cc(NC(=O)c2cc(C)cs2)cc(-c2ccc(C)cc2)c1,0
711,CHEMBL215622,O=C(Cc1ccccc1)NCc1ccc(-c2nc(C(=O)N3CCCCCC3)co2)cc1,0
712,CHEMBL2287846,Cc1cc(SC(F)(F)C(F)F)ccc1NC(=O)NC(=O)c1c(F)cccc1F,0
713,CHEMBL3704318,Cc1ccnc(Oc2c(C3CCC3)ccc(-c3cnc(N)nc3)c2F)n1,0
714,CHEMBL1306453,C=CCNC(=O)C1CC=CCC1C(=O)O,0
715,CHEMBL126143,CCOc1ccc2ccccc2c1CCNC(C)=O,0
716,CHEMBL170278,O=C(NC1CN2CCC1CC2)c1cc(Cl)cc2c1OCCCCC2,0
717,CHEMBL4285271,COCC(=O)N1CCN(Cc2c(-c3ccc(C)cc3)nc3ccc(-c4ccccc4)cn23)CC1,0
718,CHEMBL1710727,COc1ccccc1NC(=O)CN1CCN(CC(=O)Nc2cc(C)ccc2OC)CC1,0
719,CHEMBL2037553,CCCCN(CCCC)c1nc(SCC)nc2c1ncn2[C@@H]1O[C@H](CO)[C@@H](O)[C@H]1O,0
720,CHEMBL1713369,CCOc1ccc(CNC(=O)CN2N=C(c3ccccc3)CCC2=O)cc1OC,0
721,CHEMBL3964401,COc1cccc(OC)c1C1CCC(=O)N1Cc1ccc(Oc2nc(C)cs2)cc1,0
722,CHEMBL3310013,Cc1ccc([C@H]2CC(c3cc(Br)ccc3O)=NN2C(=O)c2ccco2)cc1,0
723,CHEMBL2230059,Clc1ccc(/C=N/CCCC/N=C/c2ccc(Cl)cc2Cl)c(Cl)c1,0
724,CHEMBL289710,CCOCCC1CN(c2ccccc2)NC1=O,0
725,CHEMBL591838,CCCCOC(=O)c1c(N)n(-c2ccccc2OC)c2nc3ccccc3nc12,0
726,CHEMBL506726,COc1nc(N)c(C(=O)N=C(N)N)nc1Cl,0
727,CHEMBL114095,CCOC(=O)c1c(O)nc2cccc(C)c2c1O,0
728,CHEMBL3668902,Cc1cc(C)n2cc(CCc3nc(-c4cccs4)cn3CCN3CCOCC3)nc2n1,0
729,CHEMBL258922,COc1ccc2c(C[C@@H]3NC(=O)[C@H](C(C)C)NC3=O)c[nH]c2c1,0
730,CHEMBL1835528,Cc1ccc(NC(=S)n2cc(-c3ccc4ncnn4c3)c(-c3cccc(C)n3)n2)cc1,0
731,CHEMBL256504,c1cc(N[C@H]2CCCNC2)nc(-c2cnc3ccccn23)c1,0
732,CHEMBL1087860,CCOP1(=O)OC(c2ccccc2)=C(Br)c2ccc(OC)cc21,0
733,CHEMBL3663046,Cc1cc(-c2n[nH]c3cc(NC(=O)N[C@H](C)C4CCC4)ncc23)ccn1,0
734,CHEMBL3128140,Nc1nccc2c1C(=O)OC21CCCCC1,0
735,CHEMBL4165839,Cc1cc2c(cc1C)-c1oc(CNc3ccc(F)c(Cl)c3)c(C)c1C(=O)C2=O,0
736,CHEMBL1760335,COc1ccccc1N1CCN(C(=O)c2cc(-c3ccccc3F)n[nH]2)CC1,0
737,CHEMBL1322565,O=C(O)c1ccc(-c2ccc3ncnc(NCCc4c[nH]cn4)c3c2)o1,0
738,CHEMBL3652732,C[C@@H](C[C@H]1COC(N)=N1)Oc1ccc(Br)cc1,0
739,CHEMBL2359676,CN(C(=O)CN1CCN(c2cc(-c3cccc4oc5ccccc5c34)ncn2)CC1)c1ccccc1,0
740,CHEMBL435769,CCn1cc(C(=O)O)c(=O)c2cc(F)c(N3CC(N4CCOCC4)C3)nc21,0
741,CHEMBL4293024,Cn1c(=O)c2cc(S(=O)(=O)NC3(C#N)CC3)ccc2n(C)c1=O,0
742,CHEMBL419470,C[C@@]12CCNC1Nc1ccc(OC(=O)Nc3ccccc3)cc12,0
743,CHEMBL2132335,CCNC(=O)C[C@@H]1CC[C@@H]2[C@@H](COc3ccc(NC(=O)C4CCCCC4)cc3C(=O)N2C)O1,0
744,CHEMBL50988,O=C(NCCCN1CCC(Cc2ccc(F)cc2)CC1)Nc1cccc(-c2ncc[nH]2)c1,0
745,CHEMBL3608591,O=C1c2cc(-c3ccnc(NC4CCOCC4)n3)cn2CCN1[C@H](CO)c1cccc(Cl)c1,0
746,CHEMBL3916956,Cc1cc(C(=O)N2CC[C@H]2c2nc(-c3ccccc3OC(F)(F)F)no2)c(-n2nccn2)cc1C,0
747,CHEMBL2204021,Oc1ccc2c3c1O[C@H]1[C@]4(CC[C@@]5(O)[C@@H](C2)N(Cc2ccccc2)CC[C@]315)O[C@@H]1CO[C@@H]2CO[C@H]4N21,0
748,CHEMBL577508,CCc1cc2c(N3CCN(C(=O)Cc4ccccc4)CC3)ncnc2s1,0
749,CHEMBL95334,O=C(N[C@H](CO)C(=O)O)c1ccccc1C(=O)N[C@H](CO)C(=O)O,0
750,CHEMBL590964,CCOC(=O)c1cc(COc2cccc3cccnc23)on1,0
751,CHEMBL3727919,Cc1ccc(C(=O)Nc2ccc3c(c2)CS(=O)(=O)C3)cc1,0
752,CHEMBL3916522,CCCc1ncc(Cc2ccc3c(C(F)(F)F)ccc(O)c3n2)c2cc(OC)c(OC)cc12,0
753,CHEMBL4210867,C[C@]12CC[C@@H]3c4cc(-c5cccc(Cl)c5)c(O)cc4CC[C@H]3[C@@H]1CC[C@@H]2O,0
754,CHEMBL4101787,C[C@@H](c1ccc(-c2ccncc2)cc1)N1CC[C@](CCCO)(c2ccccc2)OC1=O,0
755,CHEMBL3805948,C[C@H](Nc1cc(N)ncn1)c1nc2cccc(Cl)c2c(=O)n1-c1ccccc1,0
756,CHEMBL2179169,O=C(Nc1cccc(F)c1)c1cc(Cl)ccc1O,0
757,CHEMBL3633949,O=C(C1CCCC1)N1CCCn2nc(COc3ccccc3)cc21,0
758,CHEMBL7505,CN1CCN(Cc2cnn3ccccc23)CC1,0
759,CHEMBL27719,COC(=O)c1ccc2[nH]cc(C3=CCN(C)CC3)c2c1,0
760,CHEMBL3422179,COc1ccc(OC)c2c1nc(-c1nonc1N)n2CC(=O)Nc1ccccc1Cl,0
761,CHEMBL1592443,O=C(Nc1ccccc1)C(Cc1ccccc1)N1Cc2ccccc2C1=O,0
762,CHEMBL2252583,O=c1sc(Nc2ccccc2Cl)nc2[nH]ncc12,0
763,CHEMBL2435596,COc1ccc(-c2nnc(N/N=C/c3cccs3)nc2-c2ccc(OC)cc2)cc1,0
764,CHEMBL3186810,C[C@H]1CN([C@H](C)CO)C(=O)c2cc(-c3ccccc3)cnc2O[C@H]1CN(C)C(=O)c1cccc(F)c1,0
765,CHEMBL362751,CC(C)(C)c1ccc(C[C@H](N)C(=O)N[C@@H](CCCN=C(N)N)C(=O)OCc2ccccc2)cc1,0
766,CHEMBL1882214,Cc1ccc(C(=O)NCC(=O)OCn2nnc3ccccc3c2=O)cc1,0
767,CHEMBL3685581,CC(NC(=O)c1c(NC(=O)c2nc(C3CC3)cnc2Nc2cncnc2)cnn1C)C(F)(F)F,0
768,CHEMBL1812735,CCCCn1c(CN)c(-c2ccccc2)c2cc(Cl)ccc2c1=O,0
769,CHEMBL1411281,O=C(O)c1cc(-c2ccc(/C=N/n3cnnc3)o2)ccc1O,0
770,CHEMBL4087028,O=C(Nc1ccc(-c2ccccn2)cn1)c1cncnc1,0
771,CHEMBL1258191,CCCOc1ccc(CCCn2ncc3c2nc(N)n2nc(-c4ccco4)nc32)cc1,0
772,CHEMBL3143920,Cn1cnc([N+](=O)[O-])c1Sc1ncnc2c1ncn2[C@H]1C[C@H](O)[C@@H](CO)O1,0
773,CHEMBL3753236,Cc1cc(C(=O)Nc2cccc(S(=O)(=O)N3CCOCC3)c2)sc1-c1ccccc1,0
774,CHEMBL138659,O=C(O)C(=O)Nc1cc(-c2ccc(Oc3ccccc3)cc2)sc1C(=O)O,0
775,CHEMBL1702172,CC1=C(C(=O)Nc2ccccc2)C(c2cccnc2)n2nc(SCc3ccccc3Cl)nc2N1,0
776,CHEMBL3408566,CCCCCCCCCCCC(=O)Nc1ccncc1,0
777,CHEMBL2236702,O=c1c2ccc(Cl)cc2nc(-c2ccccc2)n1/N=C/c1ccccc1,0
778,CHEMBL3794071,O/N=C/c1cn(Cc2cn(-c3ccc(Cl)cc3)nn2)c2ncccc12,0
779,CHEMBL2348987,CCCC[C@@H]1C[C@H]2[C@@H]3CCC4=CC(=O)CC[C@]4(C)C3=CC[C@]2(C)[C@H]1C(=O)CO,0
780,CHEMBL2057415,COc1ccc2nc(NC(=O)c3ccncc3)sc2n1,0
781,CHEMBL2289673,CCOC(=O)[C@@H](NC(=O)/C=C/c1ccc(Cl)cc1Cl)[C@@H](C)CC,0
782,CHEMBL1940060,COc1cc(OC)c2nc3[nH]nc(C)c3c(CN3CCCOCC3)c2c1,0
783,CHEMBL2271268,CCCCCCCc1nc2ccccc2c(OC(C)=O)c1C,0
784,CHEMBL318581,COc1cc2ncnc(N3CCN(C(=O)Nc4cccc(Cl)c4)CC3)c2cc1OC,0
785,CHEMBL3704643,Cc1cc(-c2nc3ccccc3n2[C@@H]2C[C@@H]3CCC[C@H](C2)N3[C@@H]2C[C@H]3CCC[C@H](C3)C2)no1,0
786,CHEMBL1333184,CSc1ccccc1NC(=O)c1ccco1,0
787,CHEMBL3229729,CCCCCN(CCCCC)CC(O)c1cc(-c2ccccc2)nc2ccccc12,0
788,CHEMBL2408558,CC(c1ccc2oc3ccccc3c2c1)n1cnc2ccccc21,0
789,CHEMBL311800,C=CCC(=O)O[C@H]1C[C@@H](C)C=C2C=C[C@H](C)[C@H](CCC3C[C@@H](O)CC(=O)O3)[C@H]21,0
790,CHEMBL1861109,CCOc1ccccc1-c1nc(CN(CC)c2ccc3c(c2)OCO3)co1,0
791,CHEMBL2361613,O=C(C[C@@H]1CC[C@H](NC(=O)c2ccc3c(c2)OCO3)[C@@H](CO)O1)NCc1ccc(F)cc1,0
792,CHEMBL3338312,Oc1ccccc1/C=N/c1nnc(SCc2nnc(-c3ccccc3Br)o2)s1,0
793,CHEMBL1458461,O=C(CC1CCCCC1)NCc1nc(-c2ccccc2)no1,0
794,CHEMBL3394396,C[C@]1(O)CC[C@@H](N(C(=O)c2cccc(N3CCCCC3)n2)C2CC2)CC1,0
795,CHEMBL3686149,CC(=O)NC(C)Cc1ccc(C#Cc2ccc(Cl)cc2)cc1,0
796,CHEMBL2087597,CCOC(=O)[C@@H]1CSC(c2ccccc2)N1C(=O)c1cn(CC2OCOC2(C)C)nn1,0
797,CHEMBL2114984,COc1cc(N)c(Cl)cc1C(=O)NC1CCN2C[C@@H](c3ccccc3)CCC2C1,0
798,CHEMBL79813,CC(C)CC(Cl)C(=O)N1CCC(Cc2ccccc2)CC1,0
799,CHEMBL324244,CCOC(OCC)P(=O)(O)CC(O)CN,0
800,CHEMBL249039,Cc1ccc(OCCNc2cc(N3CCN(C)CC3)ccc2[N+](=O)[O-])cc1C,0
801,CHEMBL2413511,O=C(c1cc(F)ccc1-n1nccn1)N1CC[C@H]2CN(c3cnc4ccccc4n3)[C@H]2C1,0
802,CHEMBL411470,C=C(C(=O)O[C@@H]1C[C@]2(C)[C@H](C(C)=CC[C@H]2O)[C@H]2OC(=O)C(=C)[C@H]12)C(C)O,0
803,CHEMBL409553,COc1cccc(C(=O)N2c3ccc(C)cc3[C@@H](Nc3ccc(C)cc3)C[C@H]2C)c1,0
804,CHEMBL131136,Cc1noc(C)c1S(=O)(=O)N[C@@H](CNC(=O)C1=NOC(CCCCNc2ncc[nH]2)C1)C(=O)O,0
805,CHEMBL4210737,C[C@]12CC[C@H]3[C@@H](C[C@@H]4C[C@@]45C[C@@H](O)CC[C@]35C)[C@@H]1CC=C2c1cccnc1,0
806,CHEMBL109702,OC[C@H]1O[C@@H](Oc2cc(CCc3cc(O)cc(O)c3)ccc2O)[C@H](O)[C@@H](O)[C@@H]1O,0
807,CHEMBL3656904,CC1C(=O)NC(=O)C12Cc1cc3ccc(CN4CCC(Cn5ccnc5)CC4)nc3cc1C2,0
808,CHEMBL1782959,Cc1cc(-c2ccc(O)cc2)c(Cl)c(/C=N/O)c1O,0
809,CHEMBL3928272,COC(=O)c1cc(-c2cnn(C)c2)c2ccc(CN3CCO[C@H](C(F)(F)F)C3)c(F)c2n1,0
810,CHEMBL2354381,Cc1ccc(CNC(=O)CN2C(=O)C3(SCC(=O)N3c3ccc(F)cc3)c3ccccc32)cc1,0
811,CHEMBL1097096,NC(=O)c1c(F)ccc(OCc2nc3cccc(-c4ccccc4)c3s2)c1F,0
812,CHEMBL3612847,C=CC(=O)NCCn1cc(-c2cnc(N)c3c(-c4ccc(Oc5ccccc5)cc4)csc23)cn1,0
813,CHEMBL3248770,O=C(Nc1nc2ccccc2s1)c1cc(=O)c2ccccc2o1,0
814,CHEMBL1868832,CCn1c(SCC(=O)OC(C)C)nnc1-c1ccccc1OC,0
815,CHEMBL1473496,COc1ccc(-c2[nH]c3c(c2-c2c(-n4cccc4)n(C)c(=O)n(C)c2=O)c(=O)n(C)c(=O)n3C)cc1,0
816,CHEMBL270934,C=C1CCO[C@]12CC[C@H]1[C@@H]3CCC4=CC(=O)CCC4=C3[C@@H](c3ccc(C(C)=O)cc3)C[C@@]12C,0
817,CHEMBL1883190,CN1CCC(N2CCN(C3CN(CCc4ccccc4)S(=O)(=O)C3)CC2)CC1,0
818,CHEMBL469582,CCCN1CCC(COc2nc3sccc3n3cccc23)CC1,0
819,CHEMBL1945697,Cc1cc2ncn(C(=O)c3cccc(Cl)c3)c2cc1C,0
820,CHEMBL3655800,COC1CN(c2ncnn3c(C)nc(-c4cnn(C)c4-c4ccc(Cl)cc4)c23)C1,0
821,CHEMBL205775,CO[C@H]1[C@H](c2ccccc2)O[C@@H]2CO[C@@H](c3cccc(Cl)c3)O[C@H]2[C@@H]1OC,0
822,CHEMBL3952919,COC(C)(C)C1CCCCN1C(=O)[C@@H]1CNC[C@@]12CCCc1ccccc12,0
823,CHEMBL298745,CCCN(CCC)CCc1ccc(OC)c2nc(O)ccc12,0
824,CHEMBL2018648,C=CCOc1cc2c(c(OCC=C)c1OC)[C@@H]1O[C@H](CO)[C@@H](O)[C@H](O)[C@H]1OC2=O,0
825,CHEMBL299104,CS(=O)(=O)c1ccc2oc(N(N)CCC#N)nc2c1,0
826,CHEMBL281669,O=C1c2ccccc2CCC1CN1CCN(CCOC(c2ccccc2)c2ccccc2)CC1,0
827,CHEMBL4293546,c1ccc([C@@H]2C[C@H](c3c[nH]c4ccccc34)N(c3ccccc3)O2)cc1,0
828,CHEMBL486151,CC(C)c1cc(C(C)C)n([C@@H](C)[C@@H](C)OC(=O)Nc2ccc(F)cc2F)n1,0
829,CHEMBL1890061,COc1ccccc1NS(=O)(=O)c1ccc(C)c(NC(=O)c2c(C)noc2C)c1,0
830,CHEMBL115002,O=C1c2ccccc2C(=Cc2cc(Cl)cc(Cl)c2)c2ccccc21,0
831,CHEMBL231352,CCC(=O)N(c1ccccc1)C1CCN(C(=O)[C@@H](N)Cc2ccccc2)CC1,0
832,CHEMBL209053,CCN(CC)CCCCc1ccccc1S(=O)(=O)Nc1ccc2c(c1C(=O)O)CCCC2,0
833,CHEMBL259189,OC[C@H]1O[C@@H](n2cnc3c(CSc4cccc(Cl)c4)ncnc32)[C@H](O)[C@@H]1O,0
834,CHEMBL2134887,Cc1ccccc1S(=O)(=O)NC(=O)C1(C)CCN1C(=O)C1(c2ccc(Cl)cc2)CCC1,0
835,CHEMBL3234221,CCOC(=O)/C(=C/c1ccc(C(C)C)cc1)CSc1nc(C)cc(C)n1,0
836,CHEMBL1574927,COc1ccc(N2CC(C(=O)NCc3nnnn3-c3ccc(C)c(C)c3)CC2=O)cc1,0
837,CHEMBL1627592,CC(=O)c1cc2cc3c(cc2o1)CC[C@@H]1[C@@H]3CC[C@]2(C)[C@@H](O)CC[C@@H]12,0
838,CHEMBL85479,CCCCCc1nc(Cl)c(CO)n1Cc1ccc(-c2ccccc2C(=O)O)cc1,0
839,CHEMBL3823955,NS(=O)(=O)c1ccc(NC(=O)CN2C(=O)c3cccc4cccc(c34)C2=O)cc1,0
840,CHEMBL2322889,Cc1c(Cl)c(C(F)(F)F)nn1CC(=O)N1CCN(c2ccccc2)CC1,0
841,CHEMBL450024,CNC(=O)c1ccc(C#Cc2cc(C(=O)Nc3cccc(C(F)(F)F)c3)ccc2C)cn1,0
842,CHEMBL4104280,O=C(O)CC/C=C\C/C=C\C/C=C\C/C=C\C/C=C\C/C=C\CCO,0
843,CHEMBL3230105,CCCCNCCC(O)c1c2ccccc2c(Cl)c2ccccc12,0
844,CHEMBL3747433,O=C1c2cc(COc3ccccc3F)nn2CCN1c1ccc(F)cc1,0
845,CHEMBL3188454,O=C(Cc1ccc(Cl)cc1)NCCC(=O)N[C@@H]1CCCc2ccccc21,0
846,CHEMBL1377640,Cc1[nH]c(C)c(S(=O)(=O)N2CCN(c3ccccc3)CC2)c1C(=O)N1CCCC1,0
847,CHEMBL4111758,CC1=N[N+](C)=C(C)C1NS(=O)(=O)c1c(Cl)cc(-c2cccc3c2CCNC3)cc1Cl,0
848,CHEMBL3913694,C[C@@H]1CN(c2scnc2-c2nc3ccccc3[nH]2)CCN1C(=O)Cn1cccc2oc(=O)nc1-2,0
849,CHEMBL1899660,CC(=O)Nc1ccc(S(=O)(=O)NC2=NCN(CCO)CN2)cc1,0
850,CHEMBL3238430,O=C(O)c1cccc(NCc2cccc(-n3ccc4cc(-c5ccc(C(F)(F)F)cc5)ccc43)c2)c1,0
851,CHEMBL1210645,Cc1ccc(S(=O)(=O)Nc2ccccc2Br)cc1NC1CCN(C)CC1,0
852,CHEMBL1824099,CC1(C)C=Cc2cc(C(O)c3cn(C45CC6CC(CC(C6)C4)C5)nn3)ccc2O1,0
853,CHEMBL3928041,CN1C(=N)N[C@](C)(c2sc(-c3ccc(F)c(-c4nnco4)c3)cc2Cl)CS1(=O)=O,0
854,CHEMBL1878601,COC(=O)C1=C(C)N(C(C)C)C(=O)C1(NC(=O)c1ccccc1OC)C(F)(F)F,0
855,CHEMBL4067499,CCC(C)(C)C(=O)N(C)Cc1cnc(C)s1,0
856,CHEMBL4105153,Nc1ccc(-c2c[nH]c3cc(-c4cncc(N5CCNCC5)n4)ccc23)c(F)n1,0
857,CHEMBL3786095,COc1cccc(/C=C2\CCC/C(=C\c3cccc(OC)c3Cl)C2=O)c1Cl,0
858,CHEMBL123898,O=C(NCCC1CN=C(c2ccccc2)c2ccccc2N1)c1ccccc1,0
859,CHEMBL21880,CC[C@](OC)(C(=O)OC)c1cc(F)cc(OCc2ccc3ccccc3c2)c1,0
860,CHEMBL594140,CC(C)[C@H](C(=O)Nc1ncc(C(=O)O)s1)c1ccc(Cl)cc1,0
861,CHEMBL1734077,COC(=O)COc1ccc(S(=O)(=O)Nc2ccccc2C(=O)OC)cc1,0
862,CHEMBL1516714,CCOc1ccc(N(CC(=O)Nc2nccs2)S(=O)(=O)c2c(C)nc(O)nc2O)cc1,0
863,CHEMBL1717187,Cc1occc1C(=O)Nc1ccccc1C#N,0
864,CHEMBL4065806,COCC[C@@H](Nc1nc2[nH]c(C)cc(=O)n2n1)c1cccc(Cl)c1,0
865,CHEMBL3113817,COC(=O)CC[C@@H](C)[C@H]1CC[C@H]2[C@@H]3CC(=O)[C@H]4C[C@@H](Br)CC[C@]4(C)[C@H]3CC[C@@]21C,0
866,CHEMBL1892334,CCN(CC)S(=O)(=O)c1ccc(C(=O)/N=c2\sc3cccc(OC)c3n2C)cc1,0
867,CHEMBL199170,N#Cc1cccc(-c2cnnc(OCc3ccccc3)c2)c1,0
868,CHEMBL3325990,CCCC(NC(=O)OCc1ccccc1)C(=O)NC(Cc1ccc(O)cc1)C(=O)O,0
869,CHEMBL88019,O=C(O)c1cc(Cn2nc(-c3ccccc3)c(Cc3cc4c(cc3Cl)OCO4)c2C(=O)O)on1,0
870,CHEMBL3923331,COc1cccc(OC)c1C1CCC(=O)N1Cc1ccc(F)cc1,0
871,CHEMBL1471599,COc1ccc(NC(=O)C(NC(=O)c2ccc(O)nc2)c2ccccc2)cc1,0
872,CHEMBL3085076,CN1[C@H]2CC[C@@H]1C[C@@H](OC(=O)N(Cc1ccccc1)c1ccccc1)C2,0
873,CHEMBL3557912,CO[C@@H]1CN(S(=O)(=O)c2cn(C)cn2)[C@@H]2CCCO[C@H]12,0
874,CHEMBL1867518,Cc1ccc(F)c(S(=O)(=O)NC(=O)C2(C)CCN2C(=O)CC2CCCCC2)c1,0
875,CHEMBL1459923,COC(=O)c1oc2ccc(Cl)cc2c1NC(C)=O,0
876,CHEMBL1934767,CS(=O)(=O)NC(=O)c1c(-c2ccc[nH]c2=O)c2cc(Cl)ccc2n1Cc1ccccc1F,0
877,CHEMBL2171705,Cc1cc(NC(=O)c2nc(C)sc2Nc2cncnc2)ccn1,0
878,CHEMBL1809181,CCc1nn(-c2ccccc2)c2cc(N3CCN(CC)CC3)ccc12,0
879,CHEMBL1593363,O=C(NCc1cccs1)C1CCN(C(=O)N2CCOc3ccccc32)CC1,0
880,CHEMBL1410712,Cc1ccc(NC(=O)CSc2nnc(-c3cccs3)o2)cc1S(=O)(=O)N1CCCCC1,0
881,CHEMBL4225963,CCOc1c2c(c(OCC)c3cc(C)ccc13)C(=O)N(c1ccc(CC(=O)O)cc1)C2=O,0
882,CHEMBL538212,Cn1c(C(F)(F)F)cc(=O)n(-c2cc3c(ccc(=O)n3C)cc2F)c1=O,0
883,CHEMBL3210121,O=C(NCc1cccnc1)/C(=N\O)c1ccccc1,0
884,CHEMBL3400830,O=C(C1=C(O)C(=O)N(c2nc3ccc(F)cc3s2)C1c1ccc(Br)cc1)c1ccco1,0
885,CHEMBL3397737,CCCC(=O)N1C/C(=C\c2ccccc2)C(=O)/C(=C/c2ccccc2)C1,0
886,CHEMBL345047,CC(C)(CCCCOc1cc(-c2ccccc2F)c2ccccc2n1)C(=O)O,0
887,CHEMBL236735,COc1ccc(-c2cnc(C)nc2NC2CCCC2)cc1,0
888,CHEMBL3250773,O=S(=O)(O)O.[2H]C(C)(N)Cc1ccccc1,0
889,CHEMBL3245117,CC(C)CCn1c(=O)n(-c2ccc3c(c2)OCO3)c2ncccc21,0
890,CHEMBL3670556,Cc1cc(C)nc(N2C[C@@H]3CCN(C(=O)c4cccc(F)c4-n4nccn4)C[C@@H]32)c1,0
891,CHEMBL1904115,CCC(C)NS(=O)(=O)c1ccc(NS(C)(=O)=O)cc1,0
892,CHEMBL1627217,Cc1ccc([S+]([O-])(=NC(=O)Nc2ccc(Cl)cc2)NCC(C)C)cc1,0
893,CHEMBL1170775,CCCCCc1cccc(NC(=O)CCCCl)c1,0
894,CHEMBL4161770,CC1(C)C[C@H](O)[C@@]2(CO)[C@@H](C1)C1=CC[C@@H]3[C@@]4(C)CCC(=O)C(C)(C)[C@@H]4CC[C@@]3(C)[C@]1(C)[C@@H](O)[C@H]2O,0
895,CHEMBL4162375,O=C(Nc1cccc(Nc2ncnc3c2Cc2ccccc2N3)c1)c1cccc(C(F)(F)F)c1,0
896,CHEMBL481788,COc1ccc(-n2cc3c(n2)-c2ccc(OC)cc2SC3)cc1,0
897,CHEMBL3551707,Cc1cc(C(=O)N2CCC3(C2)CN(c2ccsc2)C(=O)CN3C)[nH]n1,0
898,CHEMBL1078789,O=C(Nc1cccnc1)N1CC(=CCCc2cccc(Oc3ccc(C(F)(F)F)cn3)c2)C1,0
899,CHEMBL1436180,CCc1ccccc1NC(=O)CCCN1C(=O)COc2ccc(C)cc21,0
900,CHEMBL3676715,CN(C)C(=O)c1cc(-c2cncnc2)c2c(c1)C(O)(C(F)(F)F)c1ccccc1-2,0
901,CHEMBL3317649,NS(=O)(=O)c1ccc(CCNCC(=O)Nc2ccc(Cl)cc2)cc1,0
902,CHEMBL3698038,COCCNc1nc(-c2ccc(N3CCO[C@H](C)C3)cc2)cc2ncn(C)c(=O)c12,0
903,CHEMBL3133324,Cc1ccc(NS(=O)(=O)c2cc3c(c([N+](=O)[O-])c2)Nc2ccccc2O3)c(C)c1,0
904,CHEMBL608073,O=[N+]([O-])c1ccc(CSC[C@H]2OC(n3cnc4c(O)ncnc43)[C@H](O)[C@@H]2O)cc1,0
905,CHEMBL3604010,CNC(C)C(=O)c1ccc2c(c1)OCO2,0
906,CHEMBL1164202,O=c1c(Cc2ccc(Cl)cc2)coc2cccc(OCC3CCCCC3)c12,0
907,CHEMBL1234917,Cc1nc(N)nc2c1nc(-c1cn[nH]c1)c(=O)n2C(C)C,0
908,CHEMBL3581116,O=C(Cc1ccccc1)Nc1nc(-c2ccncc2)cs1,0
909,CHEMBL2144613,O=S(=O)(c1cccc2ccccc12)N1CCC2CC1c1cc(-c3ccc(F)cc3)ccc12,0
910,CHEMBL4127241,[2H]c1cc(Cl)c(-c2nc([2H])c([2H])c([2H])c2[2H])c([2H])c1NC(=O)c1ccc(S(C)(=O)=O)cc1Cl,0
911,CHEMBL2289402,COC(C1=NOCC1)c1ccccc1COc1cc(C)ccc1C,0
912,CHEMBL228525,Cc1ccc(C(CCN(C)C)NC(=O)Cc2ccc(C(F)(F)F)cc2)cc1,0
913,CHEMBL483769,CN(C)c1ccc(/C=N\NC(=O)c2cccc(F)c2)cc1,0
914,CHEMBL3331192,CCCCCCOP(=O)(O)OCCSC(=S)N1CCCCC1,0
915,CHEMBL2135856,O=C(O)C(=Cc1ccc([N+](=O)[O-])cc1)c1cccc(Cl)c1,0
916,CHEMBL1085532,Cc1ccc(N2C(=S)N(c3ccc(C#N)c(C(F)(F)F)c3)C(=O)C2(CCl)CCl)cc1,0
917,CHEMBL440391,CCOC(=O)c1c(NC(=O)NS(=O)(=O)c2ccccn2)sc2c1CCC(C)(C)C2,0
918,CHEMBL3555473,CCC1=N[C@@]2(CC[C@@H]3CN(CC(=O)N(C)C)C[C@@H]32)C(=O)N1CC1CC1,0
919,CHEMBL3822658,CCCCCCCCCCCCCC(=O)OCC(COP(=O)(S)OCCN)OC,0
920,CHEMBL4093335,C=CC(=O)N(CCOCCO)C(C(=O)NC(C)(C)C)c1ccccc1Br,0
921,CHEMBL1098739,CCn1nc(-c2ccccc2)c(C#N)c1CCc1ccccc1C(=O)O,0
922,CHEMBL1958124,O=C1NC(=S)NC1Cc1ccc(O)c(O)c1,0
923,CHEMBL1885894,Cc1nnc(NC(=O)C2CCCC2)s1,0
924,CHEMBL1369188,O=C(O)CCC(=O)N1N=C(c2cccs2)CC1c1cccc([N+](=O)[O-])c1,0
925,CHEMBL571073,Cc1ccc(CCCCN2CCCCC2)cc1,0
926,CHEMBL470233,Cc1ccc(NC(=O)c2cccc(Cl)c2)cc1S(=O)(=O)N1CCOCC1,0
927,CHEMBL4080202,NC1=C(/C=C2\COc3ccccc3C2=O)C(=O)C2C=CC=CC2O1,0
928,CHEMBL24475,CCCC/C=C/C(=O)CCc1ccc(O)c(OC)c1,0
929,CHEMBL149321,O=P(O)(O)C(O)(Nc1cc(Cl)cc(Cl)c1)P(=O)(O)O,0
930,CHEMBL1878594,O=C(COc1ccc2ccc(=O)oc2c1)NCCCN1CCCC1=O,0
931,CHEMBL3221376,CC(C)C(=O)Nc1cccc(C(=O)O)c1O,0
932,CHEMBL3823987,O=C(/C=C/c1ccc(O)cc1)OCCc1ccc(O)c(O)c1,0
933,CHEMBL484850,CC1=C2CC/C(C)=C/CC/C(C)=C/CC/C(C)=C/[C@@H]2OC1=O,0
934,CHEMBL3962195,O=C(O)c1cccc(Nc2ccc([N+](=O)[O-])cc2[N+](=O)[O-])c1,0
935,CHEMBL308920,O=C(O)C[C@]1(O)C[C@@H](C(=O)c2ccc(Cl)c(Cl)c2)Oc2ccc(F)cc21,0
936,CHEMBL4078414,COC(=O)C(Cc1ccccc1)NC(=O)c1ccccc1N,0
937,CHEMBL1978973,Cc1ccc(-c2nc3ccc(Br)cc3c(C(=O)O)c2CC(=O)O)cc1,0
938,CHEMBL3553676,O=C(C[C@@H]1COC[C@H]2CN(CC3CC3)C[C@@H]12)N1CCCCO1,0
939,CHEMBL4169926,COc1ccc(/C=C/C(=O)c2c(OCC=C(C)C)cc(OC)c(CC=C(C)C)c2OC)cc1OC,0
940,CHEMBL3937497,O=C(Nc1nc2cc(C(F)(F)F)ccc2[nH]1)c1ccc2cc3n(c2c1)CCCNC3=O,0
941,CHEMBL225949,CC1(C)[C@@H](CC(=O)O)[C@H]1c1ccc(OCCc2ccc3c(n2)NCCC3)cc1,0
942,CHEMBL3905006,N[C@H]1[C@@H]2CN(C(=O)c3ccc4cc(Oc5ccc(C(F)(F)F)nc5)ccc4n3)C[C@H]12,0
943,CHEMBL1858074,CCOc1ccc(-c2nc(CN3CCN(C(=O)C4CCCO4)CC3)co2)cc1,0
944,CHEMBL1269880,Cc1cn2c(-c3cn[nH]c3)cnc2c(Nc2cc(CN3CCOCC34CCC4)ns2)n1,0
945,CHEMBL3908114,COc1n[nH]c2cc(NC(=O)N[C@@H]3CN(C)C[C@H]3c3ccccc3)nc(CO)c12,0
946,CHEMBL3917935,Cc1c(C(=O)Nc2cccc(C(F)(F)F)c2)cc(C2CCNCC2)n1CCCN1CCOCC1,0
947,CHEMBL272428,NC(=O)c1cnc(C(=O)CCc2ccc(COc3ccccc3)cc2)o1,0
948,CHEMBL2377433,CC[C@H](CO)NC(=O)N[C@H](C)c1ccccc1,0
949,CHEMBL194109,CCOc1cc2ccc3c4cc(OC)c(OC)cc4c[n+](C)c3c2cc1OC.CS(=O)(=O)[O-],0
950,CHEMBL3645447,CN(Cc1cnc[nH]1)c1cc(Cl)cc(Cl)c1,0
951,CHEMBL4290805,Clc1ccc([C@]2(Cn3ccnc3)OC[C@@H](OCc3ccc(-c4ccncc4)cc3)CO2)c(Cl)c1,0
952,CHEMBL3401854,COc1c(O)c(=O)n2c3ccccc3c3cc(=O)n(C)c1c32,0
953,CHEMBL154616,CC(C)n1c(-c2ccc(F)cc2)nc(=O)c2ccc(Cl)cc21,0
954,CHEMBL1952155,O=C(/C(=C\c1ccc(Br)cc1)S(=O)(=O)Cc1ccccc1)c1ccccc1,0
955,CHEMBL3692407,CC(O)(C#Cc1cc2c(cc1F)OCCn1cc(C(N)=O)nc1-2)C(N)=O,0
956,CHEMBL3338293,Cc1ccn2c(CC(=O)O)cc(-c3ccc(C(F)(F)F)cc3Cc3c(C)noc3C3CC3)c2n1,0
957,CHEMBL420827,CN(CCOCCNC(=S)Nc1cccc2ccccc12)Cc1ccccc1,0
958,CHEMBL4280299,CC(=O)/C=C/c1cnc(C)c(O)c1CO,0
959,CHEMBL429125,COc1cc(CN(C)C)ccc1OCC(=O)Nc1cc(-n2nc(C)cc2C)nc(-c2ccc(C)o2)n1,0
960,CHEMBL408530,COc1cccc(-c2cc(-c3ccccc3)n[nH]2)c1,0
961,CHEMBL2420540,Cc1ccc(NC(=O)Nc2ccccc2)cc1S(=O)(=O)N(C)C,0
962,CHEMBL9021,CCCCC/C=C\C/C=C\C/C=C\C/C=C\CCCC(=O)CC(F)(F)F,0
963,CHEMBL1436593,COc1ccc(-c2nc3sc(CCNC(=O)Cc4ccccc4)c(C)n3n2)cc1,0
964,CHEMBL1814047,O=C(Nc1ccc(Oc2ccccc2)c(Cl)c1)c1cc(Cl)cc(Cl)c1O,0
965,CHEMBL253421,N#Cc1ccc(COc2ccc(-c3ccc(-c4ccccc4)n3CC(=O)NC(=N)N)cc2)cc1,0
966,CHEMBL1560483,Cn1c(C(=O)O)c(S(=O)(=O)c2ccc(Cl)cc2)c2ccccc21,0
967,CHEMBL203822,Cc1ccc(C(CC(=O)O)Cc2csc(CCCc3ccc4c(n3)NCCC4)n2)cc1,0
968,CHEMBL1215193,COC(=O)C1=C(C)NC(C)=C(C(=O)OC(C)(C)C)C1c1ccc(C(F)(F)F)cc1,0
969,CHEMBL3978130,Cc1cc(C)c(-c2[nH]ncc2C)cc1C(=O)N1CC(F)(c2ccc(C#N)cc2)C1,0
970,CHEMBL288832,CCCCc1nc2c(n1Cc1ccc(-c3ccccc3-c3nn[nH]n3)cc1)/C(=C/C(=O)O)CCCC2,0
971,CHEMBL145551,CCOCCNc1c(C(=O)OCC)cnc2c1cnn2/C=C/c1ccccc1,0
972,CHEMBL2236916,O=C(CN(CCC1CCCC1)C(=O)N1CCC[C@H]1C(=O)Nc1cnccn1)NO,0
973,CHEMBL2178062,CCN(CC)c1nc(C(F)(F)F)ccc1CNC(=O)C(C)c1ccc(NS(C)(=O)=O)c(F)c1,0
974,CHEMBL4296707,COc1cc2c(cc1OC)C(=O)CC(c1ccc(CN3CCCC3)cc1)O2,0
975,CHEMBL2426514,C[C@@H](c1cccc2ccccc12)N(C)Cc1ccc(C(C)(C)C)cc1,0
976,CHEMBL3552663,Fc1cnc(N2CCn3cc(CNc4ccccn4)nc3C2)nc1,0
977,CHEMBL3747085,Cc1ccc(N2CCn3nc(COc4ccccc4)cc3C2=O)nc1,0
978,CHEMBL561690,CN(c1ccccc1)C1CCN(c2nc3ccccc3n2Cc2ccc(F)cc2)CC1,0
979,CHEMBL3248274,CCC(=O)Nc1cc(NC(=O)CC)cc(N/C(C)=C2\C(=O)OC(=O)C(C(C)=O)=C2O)c1,0
980,CHEMBL1812396,CCCCCCCCn1c2ccc(Cl)cc2c2ccc(CC)cc21,0
981,CHEMBL1773965,O=C(CC(F)(F)F)N1CCC(c2nc(-c3cccs3)no2)CC1,0
982,CHEMBL3688871,C[C@H]1COCCN1c1nc(N2CCOC[C@@H]2C)c2ccc(-c3ccnc(F)c3)nc2n1,0
983,CHEMBL1834150,Fc1cccc(F)c1CSc1ccc(-c2ccccn2)nn1,0
984,CHEMBL323774,CN(C)c1ncnc2c1ncn2C1CC1,0
985,CHEMBL46349,CC(Oc1ccc(Br)cc1)C(=O)OC1CC2CCC(C1)N2C,0
986,CHEMBL3648737,COC1CCN(c2c(NC(=O)c3nc(-c4ncccc4F)sc3N)cnn2C)CCC1N,0
987,CHEMBL3127166,O=C(O)c1csc(-n2nc(-c3ccc(Cl)cc3)c3ccccc32)n1,0
988,CHEMBL1807715,CNCc1cncc(-c2cnc3[nH]nc(-c4nc5cc(N6CCN(C)CC6)ccc5[nH]4)c3c2)c1,0
989,CHEMBL464114,C/C(=C\CC/C(C)=C/CCc1ccoc1)CC/C=C(/CC/C=C(\C)C(=O)O)C(=O)O,0
990,CHEMBL3582436,N#Cc1ccc(-c2cnc3ccc(N4CCCC4c4cccc(F)c4)nn23)cc1,0
991,CHEMBL2354928,CC(C)n1nnnc1C1c2ccccc2C(=O)N1CCOc1ccccc1,0
992,CHEMBL1500492,COCCn1c(-c2cc(OC)c(OC)c(OC)c2)nc2nc3ccccc3nc21,0
993,CHEMBL1641887,C=C(C=O)[C@@H]1CCC2=C(C1)C(=O)[C@@H](O)[C@@H]1C(C)(C)[C@H](O)CC[C@@]21C,0
994,CHEMBL443843,COc1ccc2c(c1)CCCN1CCCc3ccccc3C21,0
995,CHEMBL3953525,NCC1CCN(c2cc3ncccc3cc2NC(=O)c2csc3cncnc23)CC1,0
996,CHEMBL169336,CCN(CC)C(=O)Nc1ccnc(-c2ccncc2)n1,0
997,CHEMBL2323597,CC(C)OC(=O)N1CCC(CO[C@H]2CC[C@H](c3ccc(S(C)(=O)=O)cc3)CC2)CC1,0
998,CHEMBL487058,O=C(c1cccc(S(=O)(=O)N2CCOCC2)c1)n1[nH]c(=O)c2cc(Br)ccc21,0
999,CHEMBL3234556,O=C(NCCc1ccc(Cl)cc1)[C@@H]1CCCN(c2ccccn2)C1,0
